=== Radar started at 2026-04-19 21:13:38.770742 ===
[21:13:38] Active flights: 4
  WZZ8362: 296.06km to GDN -> from WAW -> started at: 2026-04-19 21:13:38.670652 -> speed: 469 -> lat: 52.1715 - long: 20.9605 -> state: FlightState.IN_FLIGHT -> height: 9238m -> voivodeship: Mazowieckie
  LHT3645: 111.97km to APK -> from KRK -> started at: 2026-04-19 21:13:38.692759 -> speed: 483 -> lat: 50.0836 - long: 19.7915 -> state: FlightState.IN_FLIGHT -> height: 11186m -> voivodeship: Małopolskie
  ENT4316: 124.10km to APK -> from KTW -> started at: 2026-04-19 21:13:38.709769 -> speed: 492 -> lat: 50.4770 - long: 19.0908 -> state: FlightState.IN_FLIGHT -> height: 7625m -> voivodeship: Śląskie
  LOT3280: 255.83km to LCJ -> from RZE -> started at: 2026-04-19 21:13:38.742975 -> speed: 487 -> lat: 50.1151 - long: 22.0107 -> state: FlightState.IN_FLIGHT -> height: 11790m -> voivodeship: Podkarpackie
[21:13:40] Active flights: 4
  WZZ8362: 287.20km to GDN -> from WAW -> started at: 2026-04-19 21:13:38.670652 -> speed: 469 -> lat: 52.2371 - long: 20.8864 -> state: FlightState.IN_FLIGHT -> height: 9238m -> voivodeship: Mazowieckie
  LHT3645: 102.89km to APK -> from KRK -> started at: 2026-04-19 21:13:38.692759 -> speed: 483 -> lat: 50.1495 - long: 19.8668 -> state: FlightState.IN_FLIGHT -> height: 11186m -> voivodeship: Małopolskie
  ENT4316: 114.84km to APK -> from KTW -> started at: 2026-04-19 21:13:38.709769 -> speed: 492 -> lat: 50.5083 - long: 19.2121 -> state: FlightState.IN_FLIGHT -> height: 7625m -> voivodeship: Śląskie
  LOT3280: 246.62km to LCJ -> from RZE -> started at: 2026-04-19 21:13:38.742975 -> speed: 487 -> lat: 50.1725 - long: 21.9174 -> state: FlightState.IN_FLIGHT -> height: 11790m -> voivodeship: Podkarpackie
[21:13:41] Active flights: 5
  WZZ8362: 278.25km to GDN -> from WAW -> started at: 2026-04-19 21:13:38.670652 -> speed: 469 -> lat: 52.3033 - long: 20.8115 -> state: FlightState.IN_FLIGHT -> height: 9238m -> voivodeship: Mazowieckie
  LHT3645: 93.71km to APK -> from KRK -> started at: 2026-04-19 21:13:38.692759 -> speed: 483 -> lat: 50.2161 - long: 19.9429 -> state: FlightState.IN_FLIGHT -> height: 11186m -> voivodeship: Małopolskie
  ENT4316: 105.48km to APK -> from KTW -> started at: 2026-04-19 21:13:38.709769 -> speed: 492 -> lat: 50.5399 - long: 19.3347 -> state: FlightState.IN_FLIGHT -> height: 7625m -> voivodeship: Śląskie
  LOT3280: 237.31km to LCJ -> from RZE -> started at: 2026-04-19 21:13:38.742975 -> speed: 487 -> lat: 50.2305 - long: 21.8231 -> state: FlightState.IN_FLIGHT -> height: 11790m -> voivodeship: Podkarpackie
  WZZ1691: 259.95km to KTW -> from LUZ -> started at: 2026-04-19 21:13:40.021417 -> speed: 474 -> lat: 51.2147 - long: 22.5922 -> state: FlightState.IN_FLIGHT -> height: 10187m -> voivodeship: Lubelskie
[21:13:42] Active flights: 5
  WZZ8362: 269.24km to GDN -> from WAW -> started at: 2026-04-19 21:13:38.670652 -> speed: 469 -> lat: 52.3700 - long: 20.7361 -> state: FlightState.IN_FLIGHT -> height: 9238m -> voivodeship: Mazowieckie
  LHT3645: 84.48km to APK -> from KRK -> started at: 2026-04-19 21:13:38.692759 -> speed: 483 -> lat: 50.2831 - long: 20.0195 -> state: FlightState.IN_FLIGHT -> height: 11186m -> voivodeship: Małopolskie
  ENT4316: 96.08km to APK -> from KTW -> started at: 2026-04-19 21:13:38.709769 -> speed: 492 -> lat: 50.5718 - long: 19.4581 -> state: FlightState.IN_FLIGHT -> height: 7625m -> voivodeship: Śląskie
  LOT3280: 227.96km to LCJ -> from RZE -> started at: 2026-04-19 21:13:38.742975 -> speed: 487 -> lat: 50.2888 - long: 21.7283 -> state: FlightState.IN_FLIGHT -> height: 11790m -> voivodeship: Podkarpackie
  WZZ1691: 250.98km to KTW -> from LUZ -> started at: 2026-04-19 21:13:40.021417 -> speed: 474 -> lat: 51.1890 - long: 22.4701 -> state: FlightState.IN_FLIGHT -> height: 10187m -> voivodeship: Lubelskie
[21:13:43] Active flights: 6
  WZZ8362: 259.95km to GDN -> from WAW -> started at: 2026-04-19 21:13:38.670652 -> speed: 469 -> lat: 52.4388 - long: 20.6583 -> state: FlightState.IN_FLIGHT -> height: 9238m -> voivodeship: Mazowieckie
  LHT3645: 74.96km to APK -> from KRK -> started at: 2026-04-19 21:13:38.692759 -> speed: 483 -> lat: 50.3523 - long: 20.0986 -> state: FlightState.IN_FLIGHT -> height: 11186m -> voivodeship: Małopolskie
  ENT4316: 86.37km to APK -> from KTW -> started at: 2026-04-19 21:13:38.709769 -> speed: 492 -> lat: 50.6047 - long: 19.5855 -> state: FlightState.IN_FLIGHT -> height: 7625m -> voivodeship: Śląskie
  LOT3280: 218.30km to LCJ -> from RZE -> started at: 2026-04-19 21:13:38.742975 -> speed: 487 -> lat: 50.3491 - long: 21.6303 -> state: FlightState.IN_FLIGHT -> height: 11790m -> voivodeship: Podkarpackie
  WZZ1691: 241.71km to KTW -> from LUZ -> started at: 2026-04-19 21:13:40.021417 -> speed: 474 -> lat: 51.1624 - long: 22.3441 -> state: FlightState.IN_FLIGHT -> height: 10187m -> voivodeship: Lubelskie
  WZZ1762: 235.03km to GDN -> from POZ -> started at: 2026-04-19 21:13:42.315883 -> speed: 412 -> lat: 52.4863 - long: 16.8811 -> state: FlightState.IN_FLIGHT -> height: 10511m -> voivodeship: Wielkopolskie
[21:13:44] Active flights: 6
  WZZ8362: 250.77km to GDN -> from WAW -> started at: 2026-04-19 21:13:38.670652 -> speed: 469 -> lat: 52.5067 - long: 20.5815 -> state: FlightState.IN_FLIGHT -> height: 9238m -> voivodeship: Mazowieckie
  LHT3645: 65.56km to APK -> from KRK -> started at: 2026-04-19 21:13:38.692759 -> speed: 483 -> lat: 50.4206 - long: 20.1766 -> state: FlightState.IN_FLIGHT -> height: 11186m -> voivodeship: Małopolskie
  ENT4316: 76.79km to APK -> from KTW -> started at: 2026-04-19 21:13:38.709769 -> speed: 492 -> lat: 50.6372 - long: 19.7113 -> state: FlightState.IN_FLIGHT -> height: 7625m -> voivodeship: Śląskie
  LOT3280: 208.77km to LCJ -> from RZE -> started at: 2026-04-19 21:13:38.742975 -> speed: 487 -> lat: 50.4086 - long: 21.5335 -> state: FlightState.IN_FLIGHT -> height: 11790m -> voivodeship: Podkarpackie
  WZZ1691: 232.56km to KTW -> from LUZ -> started at: 2026-04-19 21:13:40.021417 -> speed: 474 -> lat: 51.1362 - long: 22.2197 -> state: FlightState.IN_FLIGHT -> height: 10187m -> voivodeship: Lubelskie
  WZZ1762: 226.99km to GDN -> from POZ -> started at: 2026-04-19 21:13:42.315883 -> speed: 412 -> lat: 52.5507 - long: 16.9351 -> state: FlightState.IN_FLIGHT -> height: 10511m -> voivodeship: Wielkopolskie
[21:13:45] Active flights: 6
  WZZ8362: 241.62km to GDN -> from WAW -> started at: 2026-04-19 21:13:38.670652 -> speed: 469 -> lat: 52.5746 - long: 20.5048 -> state: FlightState.IN_FLIGHT -> height: 9238m -> voivodeship: Mazowieckie
  LHT3645: 56.18km to APK -> from KRK -> started at: 2026-04-19 21:13:38.692759 -> speed: 483 -> lat: 50.4888 - long: 20.2545 -> state: FlightState.IN_FLIGHT -> height: 11186m -> voivodeship: Świętokrzyskie
  ENT4316: 67.23km to APK -> from KTW -> started at: 2026-04-19 21:13:38.709769 -> speed: 492 -> lat: 50.6696 - long: 19.8369 -> state: FlightState.IN_FLIGHT -> height: 7625m -> voivodeship: Świętokrzyskie
  LOT3280: 199.27km to LCJ -> from RZE -> started at: 2026-04-19 21:13:38.742975 -> speed: 487 -> lat: 50.4680 - long: 21.4370 -> state: FlightState.IN_FLIGHT -> height: 11790m -> voivodeship: Świętokrzyskie
  WZZ1691: 223.43km to KTW -> from LUZ -> started at: 2026-04-19 21:13:40.021417 -> speed: 474 -> lat: 51.1100 - long: 22.0957 -> state: FlightState.IN_FLIGHT -> height: 10187m -> voivodeship: Lubelskie
  WZZ1762: 218.97km to GDN -> from POZ -> started at: 2026-04-19 21:13:42.315883 -> speed: 412 -> lat: 52.6150 - long: 16.9889 -> state: FlightState.IN_FLIGHT -> height: 10511m -> voivodeship: Wielkopolskie
[21:13:47] Active flights: 7
  WZZ8362: 232.21km to GDN -> from WAW -> started at: 2026-04-19 21:13:38.670652 -> speed: 469 -> lat: 52.6444 - long: 20.4258 -> state: FlightState.IN_FLIGHT -> height: 9238m -> voivodeship: Mazowieckie
  LHT3645: 46.53km to APK -> from KRK -> started at: 2026-04-19 21:13:38.692759 -> speed: 483 -> lat: 50.5590 - long: 20.3348 -> state: FlightState.IN_FLIGHT -> height: 11186m -> voivodeship: Świętokrzyskie
  ENT4316: 57.39km to APK -> from KTW -> started at: 2026-04-19 21:13:38.709769 -> speed: 492 -> lat: 50.7029 - long: 19.9662 -> state: FlightState.IN_FLIGHT -> height: 7625m -> voivodeship: Świętokrzyskie
  LOT3280: 189.49km to LCJ -> from RZE -> started at: 2026-04-19 21:13:38.742975 -> speed: 487 -> lat: 50.5291 - long: 21.3375 -> state: FlightState.IN_FLIGHT -> height: 11790m -> voivodeship: Świętokrzyskie
  WZZ1691: 214.03km to KTW -> from LUZ -> started at: 2026-04-19 21:13:40.021417 -> speed: 474 -> lat: 51.0831 - long: 21.9680 -> state: FlightState.IN_FLIGHT -> height: 10187m -> voivodeship: Lubelskie
  WZZ1762: 210.72km to GDN -> from POZ -> started at: 2026-04-19 21:13:42.315883 -> speed: 412 -> lat: 52.6812 - long: 17.0444 -> state: FlightState.IN_FLIGHT -> height: 10511m -> voivodeship: Wielkopolskie
  WZZ1436: 137.62km to POZ -> from WRO -> started at: 2026-04-19 21:13:45.877410 -> speed: 453 -> lat: 51.1840 - long: 16.8821 -> state: FlightState.IN_FLIGHT -> height: 8871m -> voivodeship: Dolnośląskie
[21:13:48] Active flights: 7
  WZZ8362: 222.82km to GDN -> from WAW -> started at: 2026-04-19 21:13:38.670652 -> speed: 469 -> lat: 52.7140 - long: 20.3471 -> state: FlightState.IN_FLIGHT -> height: 9238m -> voivodeship: Mazowieckie
  LHT3645: 36.91km to APK -> from KRK -> started at: 2026-04-19 21:13:38.692759 -> speed: 483 -> lat: 50.6290 - long: 20.4148 -> state: FlightState.IN_FLIGHT -> height: 11186m -> voivodeship: Świętokrzyskie
  ENT4316: 47.59km to APK -> from KTW -> started at: 2026-04-19 21:13:38.709769 -> speed: 492 -> lat: 50.7362 - long: 20.0951 -> state: FlightState.IN_FLIGHT -> height: 7625m -> voivodeship: Świętokrzyskie
  LOT3280: 179.74km to LCJ -> from RZE -> started at: 2026-04-19 21:13:38.742975 -> speed: 487 -> lat: 50.5901 - long: 21.2384 -> state: FlightState.IN_FLIGHT -> height: 11790m -> voivodeship: Świętokrzyskie
  WZZ1691: 204.66km to KTW -> from LUZ -> started at: 2026-04-19 21:13:40.021417 -> speed: 474 -> lat: 51.0563 - long: 21.8408 -> state: FlightState.IN_FLIGHT -> height: 10187m -> voivodeship: Lubelskie
  WZZ1762: 202.50km to GDN -> from POZ -> started at: 2026-04-19 21:13:42.315883 -> speed: 412 -> lat: 52.7472 - long: 17.0997 -> state: FlightState.IN_FLIGHT -> height: 10511m -> voivodeship: Wielkopolskie
  WZZ1436: 128.61km to POZ -> from WRO -> started at: 2026-04-19 21:13:45.877410 -> speed: 453 -> lat: 51.2650 - long: 16.8785 -> state: FlightState.IN_FLIGHT -> height: 8871m -> voivodeship: Dolnośląskie
[21:13:49] Active flights: 7
  WZZ8362: 213.22km to GDN -> from WAW -> started at: 2026-04-19 21:13:38.670652 -> speed: 469 -> lat: 52.7853 - long: 20.2665 -> state: FlightState.IN_FLIGHT -> height: 9238m -> voivodeship: Mazowieckie
  LHT3645: 27.07km to APK -> from KRK -> started at: 2026-04-19 21:13:38.692759 -> speed: 483 -> lat: 50.7007 - long: 20.4967 -> state: FlightState.IN_FLIGHT -> height: 11186m -> voivodeship: Świętokrzyskie
  ENT4316: 37.56km to APK -> from KTW -> started at: 2026-04-19 21:13:38.709769 -> speed: 492 -> lat: 50.7703 - long: 20.2271 -> state: FlightState.IN_FLIGHT -> height: 7625m -> voivodeship: Świętokrzyskie
  LOT3280: 169.77km to LCJ -> from RZE -> started at: 2026-04-19 21:13:38.742975 -> speed: 487 -> lat: 50.6525 - long: 21.1369 -> state: FlightState.IN_FLIGHT -> height: 11790m -> voivodeship: Świętokrzyskie
  WZZ1691: 195.06km to KTW -> from LUZ -> started at: 2026-04-19 21:13:40.021417 -> speed: 474 -> lat: 51.0288 - long: 21.7106 -> state: FlightState.IN_FLIGHT -> height: 10187m -> voivodeship: Świętokrzyskie
  WZZ1762: 194.08km to GDN -> from POZ -> started at: 2026-04-19 21:13:42.315883 -> speed: 412 -> lat: 52.8147 - long: 17.1563 -> state: FlightState.IN_FLIGHT -> height: 10511m -> voivodeship: Wielkopolskie
  WZZ1436: 119.38km to POZ -> from WRO -> started at: 2026-04-19 21:13:45.877410 -> speed: 453 -> lat: 51.3479 - long: 16.8748 -> state: FlightState.IN_FLIGHT -> height: 8871m -> voivodeship: Dolnośląskie
[21:13:50] Active flights: 7
  WZZ8362: 203.62km to GDN -> from WAW -> started at: 2026-04-19 21:13:38.670652 -> speed: 469 -> lat: 52.8566 - long: 20.1858 -> state: FlightState.IN_FLIGHT -> height: 9238m -> voivodeship: Mazowieckie
  LHT3645: 17.23km to APK -> from KRK -> started at: 2026-04-19 21:13:38.692759 -> speed: 483 -> lat: 50.7724 - long: 20.5786 -> state: FlightState.IN_FLIGHT -> height: 11186m -> voivodeship: Świętokrzyskie
  ENT4316: 27.54km to APK -> from KTW -> started at: 2026-04-19 21:13:38.709769 -> speed: 492 -> lat: 50.8044 - long: 20.3591 -> state: FlightState.IN_FLIGHT -> height: 7625m -> voivodeship: Świętokrzyskie
  LOT3280: 159.80km to LCJ -> from RZE -> started at: 2026-04-19 21:13:38.742975 -> speed: 487 -> lat: 50.7150 - long: 21.0353 -> state: FlightState.IN_FLIGHT -> height: 11790m -> voivodeship: Świętokrzyskie
  WZZ1691: 185.46km to KTW -> from LUZ -> started at: 2026-04-19 21:13:40.021417 -> speed: 474 -> lat: 51.0014 - long: 21.5804 -> state: FlightState.IN_FLIGHT -> height: 10187m -> voivodeship: Świętokrzyskie
  WZZ1762: 185.66km to GDN -> from POZ -> started at: 2026-04-19 21:13:42.315883 -> speed: 412 -> lat: 52.8823 - long: 17.2129 -> state: FlightState.IN_FLIGHT -> height: 10511m -> voivodeship: Wielkopolskie
  WZZ1436: 110.16km to POZ -> from WRO -> started at: 2026-04-19 21:13:45.877410 -> speed: 453 -> lat: 51.4308 - long: 16.8710 -> state: FlightState.IN_FLIGHT -> height: 8871m -> voivodeship: Dolnośląskie
[21:13:51] Active flights: 7
  WZZ8362: 194.07km to GDN -> from WAW -> started at: 2026-04-19 21:13:38.670652 -> speed: 469 -> lat: 52.9276 - long: 20.1056 -> state: FlightState.IN_FLIGHT -> height: 9238m -> voivodeship: Mazowieckie
  LHT3645: 7.45km to APK -> from KRK -> started at: 2026-04-19 21:13:38.692759 -> speed: 483 -> lat: 50.8438 - long: 20.6601 -> state: FlightState.IN_FLIGHT -> height: 11186m -> voivodeship: Świętokrzyskie
  ENT4316: 17.56km to APK -> from KTW -> started at: 2026-04-19 21:13:38.709769 -> speed: 492 -> lat: 50.8383 - long: 20.4905 -> state: FlightState.IN_FLIGHT -> height: 7625m -> voivodeship: Świętokrzyskie
  LOT3280: 149.88km to LCJ -> from RZE -> started at: 2026-04-19 21:13:38.742975 -> speed: 487 -> lat: 50.7772 - long: 20.9342 -> state: FlightState.IN_FLIGHT -> height: 11790m -> voivodeship: Świętokrzyskie
  WZZ1691: 175.90km to KTW -> from LUZ -> started at: 2026-04-19 21:13:40.021417 -> speed: 474 -> lat: 50.9741 - long: 21.4510 -> state: FlightState.IN_FLIGHT -> height: 10187m -> voivodeship: Świętokrzyskie
  WZZ1762: 177.28km to GDN -> from POZ -> started at: 2026-04-19 21:13:42.315883 -> speed: 412 -> lat: 52.9495 - long: 17.2692 -> state: FlightState.IN_FLIGHT -> height: 10511m -> voivodeship: Wielkopolskie
  WZZ1436: 100.98km to POZ -> from WRO -> started at: 2026-04-19 21:13:45.877410 -> speed: 453 -> lat: 51.5133 - long: 16.8673 -> state: FlightState.IN_FLIGHT -> height: 8871m -> voivodeship: Dolnośląskie
[21:13:53] Active flights: 6
  WZZ8362: 184.49km to GDN -> from WAW -> started at: 2026-04-19 21:13:38.670652 -> speed: 469 -> lat: 52.9988 - long: 20.0251 -> state: FlightState.IN_FLIGHT -> height: 9238m -> voivodeship: Mazowieckie
  ENT4316: 7.56km to APK -> from KTW -> started at: 2026-04-19 21:13:38.709769 -> speed: 492 -> lat: 50.8723 - long: 20.6224 -> state: FlightState.IN_FLIGHT -> height: 7625m -> voivodeship: Świętokrzyskie
  LOT3280: 139.94km to LCJ -> from RZE -> started at: 2026-04-19 21:13:38.742975 -> speed: 487 -> lat: 50.8395 - long: 20.8328 -> state: FlightState.IN_FLIGHT -> height: 11790m -> voivodeship: Świętokrzyskie
  WZZ1691: 166.31km to KTW -> from LUZ -> started at: 2026-04-19 21:13:40.021417 -> speed: 474 -> lat: 50.9467 - long: 21.3211 -> state: FlightState.IN_FLIGHT -> height: 10187m -> voivodeship: Świętokrzyskie
  WZZ1762: 168.89km to GDN -> from POZ -> started at: 2026-04-19 21:13:42.315883 -> speed: 412 -> lat: 53.0169 - long: 17.3258 -> state: FlightState.IN_FLIGHT -> height: 10511m -> voivodeship: Kujawsko-Pomorskie
  WZZ1436: 91.78km to POZ -> from WRO -> started at: 2026-04-19 21:13:45.877410 -> speed: 453 -> lat: 51.5960 - long: 16.8636 -> state: FlightState.IN_FLIGHT -> height: 8871m -> voivodeship: Wielkopolskie
[21:13:54] Active flights: 6
  WZZ8362: 174.72km to GDN -> from WAW -> started at: 2026-04-19 21:13:38.670652 -> speed: 469 -> lat: 53.0715 - long: 19.9429 -> state: FlightState.IN_FLIGHT -> height: 9238m -> voivodeship: Mazowieckie
  LOT3280: 129.80km to LCJ -> from RZE -> started at: 2026-04-19 21:13:38.742975 -> speed: 487 -> lat: 50.9032 - long: 20.7293 -> state: FlightState.IN_FLIGHT -> height: 11790m -> voivodeship: Świętokrzyskie
  WZZ1691: 156.53km to KTW -> from LUZ -> started at: 2026-04-19 21:13:40.021417 -> speed: 474 -> lat: 50.9188 - long: 21.1887 -> state: FlightState.IN_FLIGHT -> height: 10187m -> voivodeship: Świętokrzyskie
  WZZ1762: 160.32km to GDN -> from POZ -> started at: 2026-04-19 21:13:42.315883 -> speed: 412 -> lat: 53.0857 - long: 17.3834 -> state: FlightState.IN_FLIGHT -> height: 10511m -> voivodeship: Kujawsko-Pomorskie
  WZZ1436: 82.38km to POZ -> from WRO -> started at: 2026-04-19 21:13:45.877410 -> speed: 453 -> lat: 51.6805 - long: 16.8598 -> state: FlightState.IN_FLIGHT -> height: 8871m -> voivodeship: Wielkopolskie
  LHT1789: 425.21km to BZG -> from RZE -> started at: 2026-04-19 21:13:53.171173 -> speed: 403 -> lat: 50.1675 - long: 21.9411 -> state: FlightState.IN_FLIGHT -> height: 8958m -> voivodeship: Podkarpackie
[21:13:55] Active flights: 7
  WZZ8362: 164.83km to GDN -> from WAW -> started at: 2026-04-19 21:13:38.670652 -> speed: 469 -> lat: 53.1451 - long: 19.8597 -> state: FlightState.IN_FLIGHT -> height: 9238m -> voivodeship: Mazowieckie
  LOT3280: 119.53km to LCJ -> from RZE -> started at: 2026-04-19 21:13:38.742975 -> speed: 487 -> lat: 50.9677 - long: 20.6244 -> state: FlightState.IN_FLIGHT -> height: 11790m -> voivodeship: Świętokrzyskie
  WZZ1691: 146.62km to KTW -> from LUZ -> started at: 2026-04-19 21:13:40.021417 -> speed: 474 -> lat: 50.8905 - long: 21.0547 -> state: FlightState.IN_FLIGHT -> height: 10187m -> voivodeship: Świętokrzyskie
  WZZ1762: 151.65km to GDN -> from POZ -> started at: 2026-04-19 21:13:42.315883 -> speed: 412 -> lat: 53.1554 - long: 17.4418 -> state: FlightState.IN_FLIGHT -> height: 10511m -> voivodeship: Kujawsko-Pomorskie
  WZZ1436: 72.88km to POZ -> from WRO -> started at: 2026-04-19 21:13:45.877410 -> speed: 453 -> lat: 51.7660 - long: 16.8559 -> state: FlightState.IN_FLIGHT -> height: 8871m -> voivodeship: Wielkopolskie
  LHT1789: 416.64km to BZG -> from RZE -> started at: 2026-04-19 21:13:53.171173 -> speed: 403 -> lat: 50.2258 - long: 21.8623 -> state: FlightState.IN_FLIGHT -> height: 8958m -> voivodeship: Podkarpackie
  RYR7361: 580.75km to LUZ -> from SZZ -> started at: 2026-04-19 21:13:54.413974 -> speed: 454 -> lat: 53.5468 - long: 15.0281 -> state: FlightState.IN_FLIGHT -> height: 10181m -> voivodeship: Zachodniopomorskie
[21:13:56] Active flights: 7
  WZZ8362: 155.09km to GDN -> from WAW -> started at: 2026-04-19 21:13:38.670652 -> speed: 469 -> lat: 53.2176 - long: 19.7777 -> state: FlightState.IN_FLIGHT -> height: 9238m -> voivodeship: Warmińsko-Mazurskie
  LOT3280: 109.42km to LCJ -> from RZE -> started at: 2026-04-19 21:13:38.742975 -> speed: 487 -> lat: 51.0312 - long: 20.5211 -> state: FlightState.IN_FLIGHT -> height: 11790m -> voivodeship: Świętokrzyskie
  WZZ1691: 136.85km to KTW -> from LUZ -> started at: 2026-04-19 21:13:40.021417 -> speed: 474 -> lat: 50.8627 - long: 20.9226 -> state: FlightState.IN_FLIGHT -> height: 10187m -> voivodeship: Świętokrzyskie
  WZZ1762: 143.10km to GDN -> from POZ -> started at: 2026-04-19 21:13:42.315883 -> speed: 412 -> lat: 53.2241 - long: 17.4994 -> state: FlightState.IN_FLIGHT -> height: 10511m -> voivodeship: Kujawsko-Pomorskie
  WZZ1436: 63.51km to POZ -> from WRO -> started at: 2026-04-19 21:13:45.877410 -> speed: 453 -> lat: 51.8502 - long: 16.8521 -> state: FlightState.IN_FLIGHT -> height: 8871m -> voivodeship: Wielkopolskie
  LHT1789: 408.20km to BZG -> from RZE -> started at: 2026-04-19 21:13:53.171173 -> speed: 403 -> lat: 50.2833 - long: 21.7846 -> state: FlightState.IN_FLIGHT -> height: 8958m -> voivodeship: Podkarpackie
  RYR7361: 571.56km to LUZ -> from SZZ -> started at: 2026-04-19 21:13:54.413974 -> speed: 454 -> lat: 53.5095 - long: 15.1523 -> state: FlightState.IN_FLIGHT -> height: 10181m -> voivodeship: Zachodniopomorskie
[21:13:58] Active flights: 7
  WZZ8362: 145.37km to GDN -> from WAW -> started at: 2026-04-19 21:13:38.670652 -> speed: 469 -> lat: 53.2900 - long: 19.6958 -> state: FlightState.IN_FLIGHT -> height: 9238m -> voivodeship: Kujawsko-Pomorskie
  LOT3280: 99.33km to LCJ -> from RZE -> started at: 2026-04-19 21:13:38.742975 -> speed: 487 -> lat: 51.0947 - long: 20.4179 -> state: FlightState.IN_FLIGHT -> height: 11790m -> voivodeship: Świętokrzyskie
  WZZ1691: 127.10km to KTW -> from LUZ -> started at: 2026-04-19 21:13:40.021417 -> speed: 474 -> lat: 50.8349 - long: 20.7909 -> state: FlightState.IN_FLIGHT -> height: 10187m -> voivodeship: Świętokrzyskie
  WZZ1762: 134.58km to GDN -> from POZ -> started at: 2026-04-19 21:13:42.315883 -> speed: 412 -> lat: 53.2926 - long: 17.5569 -> state: FlightState.IN_FLIGHT -> height: 10511m -> voivodeship: Kujawsko-Pomorskie
  WZZ1436: 54.16km to POZ -> from WRO -> started at: 2026-04-19 21:13:45.877410 -> speed: 453 -> lat: 51.9343 - long: 16.8483 -> state: FlightState.IN_FLIGHT -> height: 8871m -> voivodeship: Wielkopolskie
  LHT1789: 399.79km to BZG -> from RZE -> started at: 2026-04-19 21:13:53.171173 -> speed: 403 -> lat: 50.3406 - long: 21.7070 -> state: FlightState.IN_FLIGHT -> height: 8958m -> voivodeship: Podkarpackie
  RYR7361: 562.39km to LUZ -> from SZZ -> started at: 2026-04-19 21:13:54.413974 -> speed: 454 -> lat: 53.4723 - long: 15.2763 -> state: FlightState.IN_FLIGHT -> height: 10181m -> voivodeship: Zachodniopomorskie
[21:13:59] Active flights: 8
  WZZ8362: 135.67km to GDN -> from WAW -> started at: 2026-04-19 21:13:38.670652 -> speed: 469 -> lat: 53.3623 - long: 19.6140 -> state: FlightState.IN_FLIGHT -> height: 9238m -> voivodeship: Warmińsko-Mazurskie
  LOT3280: 89.27km to LCJ -> from RZE -> started at: 2026-04-19 21:13:38.742975 -> speed: 487 -> lat: 51.1581 - long: 20.3149 -> state: FlightState.IN_FLIGHT -> height: 11790m -> voivodeship: Świętokrzyskie
  WZZ1691: 117.37km to KTW -> from LUZ -> started at: 2026-04-19 21:13:40.021417 -> speed: 474 -> lat: 50.8072 - long: 20.6594 -> state: FlightState.IN_FLIGHT -> height: 10187m -> voivodeship: Świętokrzyskie
  WZZ1762: 126.07km to GDN -> from POZ -> started at: 2026-04-19 21:13:42.315883 -> speed: 412 -> lat: 53.3611 - long: 17.6142 -> state: FlightState.IN_FLIGHT -> height: 10511m -> voivodeship: Kujawsko-Pomorskie
  WZZ1436: 44.82km to POZ -> from WRO -> started at: 2026-04-19 21:13:45.877410 -> speed: 453 -> lat: 52.0182 - long: 16.8446 -> state: FlightState.IN_FLIGHT -> height: 8871m -> voivodeship: Wielkopolskie
  LHT1789: 391.38km to BZG -> from RZE -> started at: 2026-04-19 21:13:53.171173 -> speed: 403 -> lat: 50.3978 - long: 21.6295 -> state: FlightState.IN_FLIGHT -> height: 8958m -> voivodeship: Podkarpackie
  RYR7361: 553.24km to LUZ -> from SZZ -> started at: 2026-04-19 21:13:54.413974 -> speed: 454 -> lat: 53.4352 - long: 15.4000 -> state: FlightState.IN_FLIGHT -> height: 10181m -> voivodeship: Zachodniopomorskie
  WZZ9919: 131.64km to LCJ -> from KTW -> started at: 2026-04-19 21:13:58.141407 -> speed: 430 -> lat: 50.5529 - long: 19.1001 -> state: FlightState.IN_FLIGHT -> height: 8002m -> voivodeship: Śląskie
[21:14:00] Active flights: 9
  WZZ8362: 125.29km to GDN -> from WAW -> started at: 2026-04-19 21:13:38.670652 -> speed: 469 -> lat: 53.4397 - long: 19.5265 -> state: FlightState.IN_FLIGHT -> height: 9238m -> voivodeship: Warmińsko-Mazurskie
  LOT3280: 78.50km to LCJ -> from RZE -> started at: 2026-04-19 21:13:38.742975 -> speed: 487 -> lat: 51.2259 - long: 20.2046 -> state: FlightState.IN_FLIGHT -> height: 11790m -> voivodeship: Łódzkie
  WZZ1691: 106.95km to KTW -> from LUZ -> started at: 2026-04-19 21:13:40.021417 -> speed: 474 -> lat: 50.7775 - long: 20.5188 -> state: FlightState.IN_FLIGHT -> height: 10187m -> voivodeship: Świętokrzyskie
  WZZ1762: 116.96km to GDN -> from POZ -> started at: 2026-04-19 21:13:42.315883 -> speed: 412 -> lat: 53.4343 - long: 17.6756 -> state: FlightState.IN_FLIGHT -> height: 10511m -> voivodeship: Kujawsko-Pomorskie
  WZZ1436: 34.83km to POZ -> from WRO -> started at: 2026-04-19 21:13:45.877410 -> speed: 453 -> lat: 52.1080 - long: 16.8405 -> state: FlightState.IN_FLIGHT -> height: 8871m -> voivodeship: Wielkopolskie
  LHT1789: 382.39km to BZG -> from RZE -> started at: 2026-04-19 21:13:53.171173 -> speed: 403 -> lat: 50.4591 - long: 21.5466 -> state: FlightState.IN_FLIGHT -> height: 8958m -> voivodeship: Podkarpackie
  RYR7361: 543.44km to LUZ -> from SZZ -> started at: 2026-04-19 21:13:54.413974 -> speed: 454 -> lat: 53.3955 - long: 15.5324 -> state: FlightState.IN_FLIGHT -> height: 10181m -> voivodeship: Zachodniopomorskie
  WZZ9919: 122.16km to LCJ -> from KTW -> started at: 2026-04-19 21:13:58.141407 -> speed: 430 -> lat: 50.6371 - long: 19.1215 -> state: FlightState.IN_FLIGHT -> height: 8002m -> voivodeship: Śląskie
  RYR6945: 233.48km to GDN -> from POZ -> started at: 2026-04-19 21:13:59.453859 -> speed: 438 -> lat: 52.4988 - long: 16.8915 -> state: FlightState.IN_FLIGHT -> height: 7240m -> voivodeship: Wielkopolskie
[21:14:02] Active flights: 10
  WZZ8362: 115.18km to GDN -> from WAW -> started at: 2026-04-19 21:13:38.670652 -> speed: 469 -> lat: 53.5151 - long: 19.4412 -> state: FlightState.IN_FLIGHT -> height: 9238m -> voivodeship: Warmińsko-Mazurskie
  LOT3280: 68.01km to LCJ -> from RZE -> started at: 2026-04-19 21:13:38.742975 -> speed: 487 -> lat: 51.2920 - long: 20.0971 -> state: FlightState.IN_FLIGHT -> height: 11790m -> voivodeship: Łódzkie
  WZZ1691: 96.78km to KTW -> from LUZ -> started at: 2026-04-19 21:13:40.021417 -> speed: 474 -> lat: 50.7486 - long: 20.3817 -> state: FlightState.IN_FLIGHT -> height: 10187m -> voivodeship: Świętokrzyskie
  WZZ1762: 108.09km to GDN -> from POZ -> started at: 2026-04-19 21:13:42.315883 -> speed: 412 -> lat: 53.5057 - long: 17.7355 -> state: FlightState.IN_FLIGHT -> height: 10511m -> voivodeship: Kujawsko-Pomorskie
  WZZ1436: 25.09km to POZ -> from WRO -> started at: 2026-04-19 21:13:45.877410 -> speed: 453 -> lat: 52.1955 - long: 16.8366 -> state: FlightState.IN_FLIGHT -> height: 8871m -> voivodeship: Wielkopolskie
  LHT1789: 373.63km to BZG -> from RZE -> started at: 2026-04-19 21:13:53.171173 -> speed: 403 -> lat: 50.5189 - long: 21.4658 -> state: FlightState.IN_FLIGHT -> height: 8958m -> voivodeship: Świętokrzyskie
  RYR7361: 533.88km to LUZ -> from SZZ -> started at: 2026-04-19 21:13:54.413974 -> speed: 454 -> lat: 53.3568 - long: 15.6613 -> state: FlightState.IN_FLIGHT -> height: 10181m -> voivodeship: Zachodniopomorskie
  WZZ9919: 112.91km to LCJ -> from KTW -> started at: 2026-04-19 21:13:58.141407 -> speed: 430 -> lat: 50.7192 - long: 19.1425 -> state: FlightState.IN_FLIGHT -> height: 8002m -> voivodeship: Śląskie
  RYR6945: 224.02km to GDN -> from POZ -> started at: 2026-04-19 21:13:59.453859 -> speed: 438 -> lat: 52.5746 - long: 16.9550 -> state: FlightState.IN_FLIGHT -> height: 7240m -> voivodeship: Wielkopolskie
  LOT5119: 95.95km to QMO -> from WRO -> started at: 2026-04-19 21:14:00.782944 -> speed: 427 -> lat: 51.0532 - long: 16.9903 -> state: FlightState.IN_FLIGHT -> height: 9898m -> voivodeship: Dolnośląskie
[21:14:03] Active flights: 10
  WZZ8362: 104.86km to GDN -> from WAW -> started at: 2026-04-19 21:13:38.670652 -> speed: 469 -> lat: 53.5922 - long: 19.3541 -> state: FlightState.IN_FLIGHT -> height: 9238m -> voivodeship: Warmińsko-Mazurskie
  LOT3280: 57.29km to LCJ -> from RZE -> started at: 2026-04-19 21:13:38.742975 -> speed: 487 -> lat: 51.3596 - long: 19.9872 -> state: FlightState.IN_FLIGHT -> height: 11790m -> voivodeship: Łódzkie
  WZZ1691: 86.41km to KTW -> from LUZ -> started at: 2026-04-19 21:13:40.021417 -> speed: 474 -> lat: 50.7191 - long: 20.2418 -> state: FlightState.IN_FLIGHT -> height: 10187m -> voivodeship: Świętokrzyskie
  WZZ1762: 99.03km to GDN -> from POZ -> started at: 2026-04-19 21:13:42.315883 -> speed: 412 -> lat: 53.5787 - long: 17.7966 -> state: FlightState.IN_FLIGHT -> height: 10511m -> voivodeship: Kujawsko-Pomorskie
  WZZ1436: 15.15km to POZ -> from WRO -> started at: 2026-04-19 21:13:45.877410 -> speed: 453 -> lat: 52.2849 - long: 16.8325 -> state: FlightState.IN_FLIGHT -> height: 8871m -> voivodeship: Wielkopolskie
  LHT1789: 364.69km to BZG -> from RZE -> started at: 2026-04-19 21:13:53.171173 -> speed: 403 -> lat: 50.5799 - long: 21.3832 -> state: FlightState.IN_FLIGHT -> height: 8958m -> voivodeship: Świętokrzyskie
  RYR7361: 524.11km to LUZ -> from SZZ -> started at: 2026-04-19 21:13:54.413974 -> speed: 454 -> lat: 53.3173 - long: 15.7930 -> state: FlightState.IN_FLIGHT -> height: 10181m -> voivodeship: Zachodniopomorskie
  WZZ9919: 103.47km to LCJ -> from KTW -> started at: 2026-04-19 21:13:58.141407 -> speed: 430 -> lat: 50.8030 - long: 19.1638 -> state: FlightState.IN_FLIGHT -> height: 8002m -> voivodeship: Śląskie
  RYR6945: 214.37km to GDN -> from POZ -> started at: 2026-04-19 21:13:59.453859 -> speed: 438 -> lat: 52.6519 - long: 17.0199 -> state: FlightState.IN_FLIGHT -> height: 7240m -> voivodeship: Wielkopolskie
  LOT5119: 86.60km to QMO -> from WRO -> started at: 2026-04-19 21:14:00.782944 -> speed: 427 -> lat: 51.0026 - long: 17.0970 -> state: FlightState.IN_FLIGHT -> height: 9898m -> voivodeship: Dolnośląskie
[21:14:04] Active flights: 10
  WZZ8362: 94.69km to GDN -> from WAW -> started at: 2026-04-19 21:13:38.670652 -> speed: 469 -> lat: 53.6681 - long: 19.2682 -> state: FlightState.IN_FLIGHT -> height: 9238m -> voivodeship: Warmińsko-Mazurskie
  LOT3280: 46.75km to LCJ -> from RZE -> started at: 2026-04-19 21:13:38.742975 -> speed: 487 -> lat: 51.4261 - long: 19.8790 -> state: FlightState.IN_FLIGHT -> height: 11790m -> voivodeship: Łódzkie
  WZZ1691: 76.18km to KTW -> from LUZ -> started at: 2026-04-19 21:13:40.021417 -> speed: 474 -> lat: 50.6901 - long: 20.1040 -> state: FlightState.IN_FLIGHT -> height: 10187m -> voivodeship: Świętokrzyskie
  WZZ1762: 90.11km to GDN -> from POZ -> started at: 2026-04-19 21:13:42.315883 -> speed: 412 -> lat: 53.6505 - long: 17.8568 -> state: FlightState.IN_FLIGHT -> height: 10511m -> voivodeship: Kujawsko-Pomorskie
  WZZ1436: 5.36km to POZ -> from WRO -> started at: 2026-04-19 21:13:45.877410 -> speed: 453 -> lat: 52.3729 - long: 16.8286 -> state: FlightState.IN_FLIGHT -> height: 8871m -> voivodeship: Wielkopolskie
  LHT1789: 355.89km to BZG -> from RZE -> started at: 2026-04-19 21:13:53.171173 -> speed: 403 -> lat: 50.6400 - long: 21.3019 -> state: FlightState.IN_FLIGHT -> height: 8958m -> voivodeship: Świętokrzyskie
  RYR7361: 514.49km to LUZ -> from SZZ -> started at: 2026-04-19 21:13:54.413974 -> speed: 454 -> lat: 53.2784 - long: 15.9225 -> state: FlightState.IN_FLIGHT -> height: 10181m -> voivodeship: Zachodniopomorskie
  WZZ9919: 94.18km to LCJ -> from KTW -> started at: 2026-04-19 21:13:58.141407 -> speed: 430 -> lat: 50.8855 - long: 19.1849 -> state: FlightState.IN_FLIGHT -> height: 8002m -> voivodeship: Śląskie
  RYR6945: 204.87km to GDN -> from POZ -> started at: 2026-04-19 21:13:59.453859 -> speed: 438 -> lat: 52.7281 - long: 17.0837 -> state: FlightState.IN_FLIGHT -> height: 7240m -> voivodeship: Wielkopolskie
  LOT5119: 77.40km to QMO -> from WRO -> started at: 2026-04-19 21:14:00.782944 -> speed: 427 -> lat: 50.9529 - long: 17.2021 -> state: FlightState.IN_FLIGHT -> height: 9898m -> voivodeship: Dolnośląskie
[21:14:05] Active flights: 9
  WZZ8362: 84.48km to GDN -> from WAW -> started at: 2026-04-19 21:13:38.670652 -> speed: 469 -> lat: 53.7444 - long: 19.1819 -> state: FlightState.IN_FLIGHT -> height: 9238m -> voivodeship: Pomorskie
  LOT3280: 36.16km to LCJ -> from RZE -> started at: 2026-04-19 21:13:38.742975 -> speed: 487 -> lat: 51.4931 - long: 19.7702 -> state: FlightState.IN_FLIGHT -> height: 11790m -> voivodeship: Łódzkie
  WZZ1691: 65.91km to KTW -> from LUZ -> started at: 2026-04-19 21:13:40.021417 -> speed: 474 -> lat: 50.6609 - long: 19.9656 -> state: FlightState.IN_FLIGHT -> height: 10187m -> voivodeship: Świętokrzyskie
  WZZ1762: 81.15km to GDN -> from POZ -> started at: 2026-04-19 21:13:42.315883 -> speed: 412 -> lat: 53.7227 - long: 17.9173 -> state: FlightState.IN_FLIGHT -> height: 10511m -> voivodeship: Kujawsko-Pomorskie
  LHT1789: 347.04km to BZG -> from RZE -> started at: 2026-04-19 21:13:53.171173 -> speed: 403 -> lat: 50.7004 - long: 21.2201 -> state: FlightState.IN_FLIGHT -> height: 8958m -> voivodeship: Świętokrzyskie
  RYR7361: 504.82km to LUZ -> from SZZ -> started at: 2026-04-19 21:13:54.413974 -> speed: 454 -> lat: 53.2393 - long: 16.0527 -> state: FlightState.IN_FLIGHT -> height: 10181m -> voivodeship: Zachodniopomorskie
  WZZ9919: 84.83km to LCJ -> from KTW -> started at: 2026-04-19 21:13:58.141407 -> speed: 430 -> lat: 50.9685 - long: 19.2060 -> state: FlightState.IN_FLIGHT -> height: 8002m -> voivodeship: Śląskie
  RYR6945: 195.32km to GDN -> from POZ -> started at: 2026-04-19 21:13:59.453859 -> speed: 438 -> lat: 52.8047 - long: 17.1479 -> state: FlightState.IN_FLIGHT -> height: 7240m -> voivodeship: Wielkopolskie
  LOT5119: 68.15km to QMO -> from WRO -> started at: 2026-04-19 21:14:00.782944 -> speed: 427 -> lat: 50.9029 - long: 17.3076 -> state: FlightState.IN_FLIGHT -> height: 9898m -> voivodeship: Dolnośląskie
[21:14:07] Active flights: 9
  WZZ8362: 74.39km to GDN -> from WAW -> started at: 2026-04-19 21:13:38.670652 -> speed: 469 -> lat: 53.8199 - long: 19.0966 -> state: FlightState.IN_FLIGHT -> height: 9238m -> voivodeship: Pomorskie
  LOT3280: 25.69km to LCJ -> from RZE -> started at: 2026-04-19 21:13:38.742975 -> speed: 487 -> lat: 51.5593 - long: 19.6625 -> state: FlightState.IN_FLIGHT -> height: 11790m -> voivodeship: Łódzkie
  WZZ1691: 55.74km to KTW -> from LUZ -> started at: 2026-04-19 21:13:40.021417 -> speed: 474 -> lat: 50.6321 - long: 19.8288 -> state: FlightState.IN_FLIGHT -> height: 10187m -> voivodeship: Śląskie
  WZZ1762: 72.28km to GDN -> from POZ -> started at: 2026-04-19 21:13:42.315883 -> speed: 412 -> lat: 53.7941 - long: 17.9772 -> state: FlightState.IN_FLIGHT -> height: 10511m -> voivodeship: Pomorskie
  LHT1789: 338.29km to BZG -> from RZE -> started at: 2026-04-19 21:13:53.171173 -> speed: 403 -> lat: 50.7602 - long: 21.1392 -> state: FlightState.IN_FLIGHT -> height: 8958m -> voivodeship: Świętokrzyskie
  RYR7361: 495.25km to LUZ -> from SZZ -> started at: 2026-04-19 21:13:54.413974 -> speed: 454 -> lat: 53.2007 - long: 16.1814 -> state: FlightState.IN_FLIGHT -> height: 10181m -> voivodeship: Zachodniopomorskie
  WZZ9919: 75.59km to LCJ -> from KTW -> started at: 2026-04-19 21:13:58.141407 -> speed: 430 -> lat: 51.0505 - long: 19.2269 -> state: FlightState.IN_FLIGHT -> height: 8002m -> voivodeship: Łódzkie
  RYR6945: 185.88km to GDN -> from POZ -> started at: 2026-04-19 21:13:59.453859 -> speed: 438 -> lat: 52.8805 - long: 17.2114 -> state: FlightState.IN_FLIGHT -> height: 7240m -> voivodeship: Wielkopolskie
  LOT5119: 59.00km to QMO -> from WRO -> started at: 2026-04-19 21:14:00.782944 -> speed: 427 -> lat: 50.8535 - long: 17.4119 -> state: FlightState.IN_FLIGHT -> height: 9898m -> voivodeship: Opolskie
[21:14:08] Active flights: 10
  WZZ8362: 64.11km to GDN -> from WAW -> started at: 2026-04-19 21:13:38.670652 -> speed: 469 -> lat: 53.8968 - long: 19.0096 -> state: FlightState.IN_FLIGHT -> height: 9238m -> voivodeship: Pomorskie
  LOT3280: 15.03km to LCJ -> from RZE -> started at: 2026-04-19 21:13:38.742975 -> speed: 487 -> lat: 51.6267 - long: 19.5529 -> state: FlightState.IN_FLIGHT -> height: 11790m -> voivodeship: Łódzkie
  WZZ1691: 45.38km to KTW -> from LUZ -> started at: 2026-04-19 21:13:40.021417 -> speed: 474 -> lat: 50.6027 - long: 19.6895 -> state: FlightState.IN_FLIGHT -> height: 10187m -> voivodeship: Śląskie
  WZZ1762: 63.26km to GDN -> from POZ -> started at: 2026-04-19 21:13:42.315883 -> speed: 412 -> lat: 53.8668 - long: 18.0381 -> state: FlightState.IN_FLIGHT -> height: 10511m -> voivodeship: Pomorskie
  LHT1789: 329.39km to BZG -> from RZE -> started at: 2026-04-19 21:13:53.171173 -> speed: 403 -> lat: 50.8211 - long: 21.0569 -> state: FlightState.IN_FLIGHT -> height: 8958m -> voivodeship: Świętokrzyskie
  RYR7361: 485.51km to LUZ -> from SZZ -> started at: 2026-04-19 21:13:54.413974 -> speed: 454 -> lat: 53.1614 - long: 16.3123 -> state: FlightState.IN_FLIGHT -> height: 10181m -> voivodeship: Zachodniopomorskie
  WZZ9919: 66.19km to LCJ -> from KTW -> started at: 2026-04-19 21:13:58.141407 -> speed: 430 -> lat: 51.1340 - long: 19.2482 -> state: FlightState.IN_FLIGHT -> height: 8002m -> voivodeship: Łódzkie
  RYR6945: 176.27km to GDN -> from POZ -> started at: 2026-04-19 21:13:59.453859 -> speed: 438 -> lat: 52.9576 - long: 17.2761 -> state: FlightState.IN_FLIGHT -> height: 7240m -> voivodeship: Wielkopolskie
  LOT5119: 49.68km to QMO -> from WRO -> started at: 2026-04-19 21:14:00.782944 -> speed: 427 -> lat: 50.8032 - long: 17.5181 -> state: FlightState.IN_FLIGHT -> height: 9898m -> voivodeship: Opolskie
  LHT9765: 367.13km to IEG -> from SZY -> started at: 2026-04-19 21:14:07.266214 -> speed: 421 -> lat: 53.4490 - long: 20.8120 -> state: FlightState.IN_FLIGHT -> height: 10501m -> voivodeship: Warmińsko-Mazurskie
[21:14:09] Active flights: 10
  WZZ8362: 53.86km to GDN -> from WAW -> started at: 2026-04-19 21:13:38.670652 -> speed: 469 -> lat: 53.9736 - long: 18.9228 -> state: FlightState.IN_FLIGHT -> height: 9238m -> voivodeship: Pomorskie
  LOT3280: 4.40km to LCJ -> from RZE -> started at: 2026-04-19 21:13:38.742975 -> speed: 487 -> lat: 51.6940 - long: 19.4434 -> state: FlightState.IN_FLIGHT -> height: 11790m -> voivodeship: Łódzkie
  WZZ1691: 35.05km to KTW -> from LUZ -> started at: 2026-04-19 21:13:40.021417 -> speed: 474 -> lat: 50.5734 - long: 19.5505 -> state: FlightState.IN_FLIGHT -> height: 10187m -> voivodeship: Śląskie
  WZZ1762: 54.26km to GDN -> from POZ -> started at: 2026-04-19 21:13:42.315883 -> speed: 412 -> lat: 53.9395 - long: 18.0990 -> state: FlightState.IN_FLIGHT -> height: 10511m -> voivodeship: Pomorskie
  LHT1789: 320.51km to BZG -> from RZE -> started at: 2026-04-19 21:13:53.171173 -> speed: 403 -> lat: 50.8819 - long: 20.9746 -> state: FlightState.IN_FLIGHT -> height: 8958m -> voivodeship: Świętokrzyskie
  RYR7361: 475.77km to LUZ -> from SZZ -> started at: 2026-04-19 21:13:54.413974 -> speed: 454 -> lat: 53.1222 - long: 16.4430 -> state: FlightState.IN_FLIGHT -> height: 10181m -> voivodeship: Wielkopolskie
  WZZ9919: 56.80km to LCJ -> from KTW -> started at: 2026-04-19 21:13:58.141407 -> speed: 430 -> lat: 51.2174 - long: 19.2695 -> state: FlightState.IN_FLIGHT -> height: 8002m -> voivodeship: Łódzkie
  RYR6945: 166.68km to GDN -> from POZ -> started at: 2026-04-19 21:13:59.453859 -> speed: 438 -> lat: 53.0347 - long: 17.3406 -> state: FlightState.IN_FLIGHT -> height: 7240m -> voivodeship: Kujawsko-Pomorskie
  LOT5119: 40.37km to QMO -> from WRO -> started at: 2026-04-19 21:14:00.782944 -> speed: 427 -> lat: 50.7530 - long: 17.6241 -> state: FlightState.IN_FLIGHT -> height: 9898m -> voivodeship: Opolskie
  LHT9765: 358.06km to IEG -> from SZY -> started at: 2026-04-19 21:14:07.266214 -> speed: 421 -> lat: 53.4162 - long: 20.6865 -> state: FlightState.IN_FLIGHT -> height: 10501m -> voivodeship: Warmińsko-Mazurskie
[21:14:11] Active flights: 9
  WZZ8362: 43.90km to GDN -> from WAW -> started at: 2026-04-19 21:13:38.670652 -> speed: 469 -> lat: 54.0482 - long: 18.8385 -> state: FlightState.IN_FLIGHT -> height: 9238m -> voivodeship: Pomorskie
  WZZ1691: 25.00km to KTW -> from LUZ -> started at: 2026-04-19 21:13:40.021417 -> speed: 474 -> lat: 50.5450 - long: 19.4156 -> state: FlightState.IN_FLIGHT -> height: 10187m -> voivodeship: Śląskie
  WZZ1762: 45.51km to GDN -> from POZ -> started at: 2026-04-19 21:13:42.315883 -> speed: 412 -> lat: 54.0100 - long: 18.1581 -> state: FlightState.IN_FLIGHT -> height: 10511m -> voivodeship: Pomorskie
  LHT1789: 311.88km to BZG -> from RZE -> started at: 2026-04-19 21:13:53.171173 -> speed: 403 -> lat: 50.9409 - long: 20.8947 -> state: FlightState.IN_FLIGHT -> height: 8958m -> voivodeship: Świętokrzyskie
  RYR7361: 466.31km to LUZ -> from SZZ -> started at: 2026-04-19 21:13:54.413974 -> speed: 454 -> lat: 53.0841 - long: 16.5699 -> state: FlightState.IN_FLIGHT -> height: 10181m -> voivodeship: Wielkopolskie
  WZZ9919: 47.68km to LCJ -> from KTW -> started at: 2026-04-19 21:13:58.141407 -> speed: 430 -> lat: 51.2984 - long: 19.2901 -> state: FlightState.IN_FLIGHT -> height: 8002m -> voivodeship: Łódzkie
  RYR6945: 157.36km to GDN -> from POZ -> started at: 2026-04-19 21:13:59.453859 -> speed: 438 -> lat: 53.1095 - long: 17.4034 -> state: FlightState.IN_FLIGHT -> height: 7240m -> voivodeship: Kujawsko-Pomorskie
  LOT5119: 31.32km to QMO -> from WRO -> started at: 2026-04-19 21:14:00.782944 -> speed: 427 -> lat: 50.7042 - long: 17.7269 -> state: FlightState.IN_FLIGHT -> height: 9898m -> voivodeship: Opolskie
  LHT9765: 349.24km to IEG -> from SZY -> started at: 2026-04-19 21:14:07.266214 -> speed: 421 -> lat: 53.3844 - long: 20.5646 -> state: FlightState.IN_FLIGHT -> height: 10501m -> voivodeship: Warmińsko-Mazurskie
[21:14:12] Active flights: 10
  WZZ8362: 33.72km to GDN -> from WAW -> started at: 2026-04-19 21:13:38.670652 -> speed: 469 -> lat: 54.1245 - long: 18.7522 -> state: FlightState.IN_FLIGHT -> height: 9238m -> voivodeship: Pomorskie
  WZZ1691: 14.73km to KTW -> from LUZ -> started at: 2026-04-19 21:13:40.021417 -> speed: 474 -> lat: 50.5159 - long: 19.2776 -> state: FlightState.IN_FLIGHT -> height: 10187m -> voivodeship: Śląskie
  WZZ1762: 36.57km to GDN -> from POZ -> started at: 2026-04-19 21:13:42.315883 -> speed: 412 -> lat: 54.0821 - long: 18.2185 -> state: FlightState.IN_FLIGHT -> height: 10511m -> voivodeship: Pomorskie
  LHT1789: 303.06km to BZG -> from RZE -> started at: 2026-04-19 21:13:53.171173 -> speed: 403 -> lat: 51.0013 - long: 20.8130 -> state: FlightState.IN_FLIGHT -> height: 8958m -> voivodeship: Świętokrzyskie
  RYR7361: 456.64km to LUZ -> from SZZ -> started at: 2026-04-19 21:13:54.413974 -> speed: 454 -> lat: 53.0452 - long: 16.6996 -> state: FlightState.IN_FLIGHT -> height: 10181m -> voivodeship: Wielkopolskie
  WZZ9919: 38.35km to LCJ -> from KTW -> started at: 2026-04-19 21:13:58.141407 -> speed: 430 -> lat: 51.3812 - long: 19.3112 -> state: FlightState.IN_FLIGHT -> height: 8002m -> voivodeship: Łódzkie
  RYR6945: 147.84km to GDN -> from POZ -> started at: 2026-04-19 21:13:59.453859 -> speed: 438 -> lat: 53.1860 - long: 17.4675 -> state: FlightState.IN_FLIGHT -> height: 7240m -> voivodeship: Kujawsko-Pomorskie
  LOT5119: 22.07km to QMO -> from WRO -> started at: 2026-04-19 21:14:00.782944 -> speed: 427 -> lat: 50.6544 - long: 17.8321 -> state: FlightState.IN_FLIGHT -> height: 9898m -> voivodeship: Opolskie
  LHT9765: 340.23km to IEG -> from SZY -> started at: 2026-04-19 21:14:07.266214 -> speed: 421 -> lat: 53.3518 - long: 20.4401 -> state: FlightState.IN_FLIGHT -> height: 10501m -> voivodeship: Warmińsko-Mazurskie
  RYR2894: 441.67km to QMO -> from QPY -> started at: 2026-04-19 21:14:11.159220 -> speed: 474 -> lat: 53.0487 - long: 23.0591 -> state: FlightState.IN_FLIGHT -> height: 9973m -> voivodeship: Podlaskie
[21:14:13] Active flights: 10
  WZZ8362: 23.63km to GDN -> from WAW -> started at: 2026-04-19 21:13:38.670652 -> speed: 469 -> lat: 54.2001 - long: 18.6666 -> state: FlightState.IN_FLIGHT -> height: 9238m -> voivodeship: Pomorskie
  WZZ1691: 4.54km to KTW -> from LUZ -> started at: 2026-04-19 21:13:40.021417 -> speed: 474 -> lat: 50.4870 - long: 19.1408 -> state: FlightState.IN_FLIGHT -> height: 10187m -> voivodeship: Śląskie
  WZZ1762: 27.71km to GDN -> from POZ -> started at: 2026-04-19 21:13:42.315883 -> speed: 412 -> lat: 54.1537 - long: 18.2785 -> state: FlightState.IN_FLIGHT -> height: 10511m -> voivodeship: Pomorskie
  LHT1789: 294.32km to BZG -> from RZE -> started at: 2026-04-19 21:13:53.171173 -> speed: 403 -> lat: 51.0612 - long: 20.7319 -> state: FlightState.IN_FLIGHT -> height: 8958m -> voivodeship: Świętokrzyskie
  RYR7361: 447.04km to LUZ -> from SZZ -> started at: 2026-04-19 21:13:54.413974 -> speed: 454 -> lat: 53.0066 - long: 16.8282 -> state: FlightState.IN_FLIGHT -> height: 10181m -> voivodeship: Wielkopolskie
  WZZ9919: 29.11km to LCJ -> from KTW -> started at: 2026-04-19 21:13:58.141407 -> speed: 430 -> lat: 51.4634 - long: 19.3322 -> state: FlightState.IN_FLIGHT -> height: 8002m -> voivodeship: Łódzkie
  RYR6945: 138.39km to GDN -> from POZ -> started at: 2026-04-19 21:13:59.453859 -> speed: 438 -> lat: 53.2619 - long: 17.5311 -> state: FlightState.IN_FLIGHT -> height: 7240m -> voivodeship: Kujawsko-Pomorskie
  LOT5119: 12.89km to QMO -> from WRO -> started at: 2026-04-19 21:14:00.782944 -> speed: 427 -> lat: 50.6050 - long: 17.9364 -> state: FlightState.IN_FLIGHT -> height: 9898m -> voivodeship: Opolskie
  LHT9765: 331.28km to IEG -> from SZY -> started at: 2026-04-19 21:14:07.266214 -> speed: 421 -> lat: 53.3195 - long: 20.3166 -> state: FlightState.IN_FLIGHT -> height: 10501m -> voivodeship: Warmińsko-Mazurskie
  RYR2894: 431.65km to QMO -> from QPY -> started at: 2026-04-19 21:14:11.159220 -> speed: 474 -> lat: 52.9907 - long: 22.9443 -> state: FlightState.IN_FLIGHT -> height: 9973m -> voivodeship: Podlaskie
[21:14:15] Active flights: 9
  WZZ8362: 13.50km to GDN -> from WAW -> started at: 2026-04-19 21:13:38.670652 -> speed: 469 -> lat: 54.2762 - long: 18.5807 -> state: FlightState.IN_FLIGHT -> height: 9238m -> voivodeship: Pomorskie
  WZZ1762: 18.81km to GDN -> from POZ -> started at: 2026-04-19 21:13:42.315883 -> speed: 412 -> lat: 54.2255 - long: 18.3387 -> state: FlightState.IN_FLIGHT -> height: 10511m -> voivodeship: Pomorskie
  LHT1789: 285.54km to BZG -> from RZE -> started at: 2026-04-19 21:13:53.171173 -> speed: 403 -> lat: 51.1214 - long: 20.6505 -> state: FlightState.IN_FLIGHT -> height: 8958m -> voivodeship: Świętokrzyskie
  RYR7361: 437.40km to LUZ -> from SZZ -> started at: 2026-04-19 21:13:54.413974 -> speed: 454 -> lat: 52.9679 - long: 16.9573 -> state: FlightState.IN_FLIGHT -> height: 10181m -> voivodeship: Wielkopolskie
  WZZ9919: 19.82km to LCJ -> from KTW -> started at: 2026-04-19 21:13:58.141407 -> speed: 430 -> lat: 51.5458 - long: 19.3532 -> state: FlightState.IN_FLIGHT -> height: 8002m -> voivodeship: Łódzkie
  RYR6945: 128.91km to GDN -> from POZ -> started at: 2026-04-19 21:13:59.453859 -> speed: 438 -> lat: 53.3382 - long: 17.5950 -> state: FlightState.IN_FLIGHT -> height: 7240m -> voivodeship: Kujawsko-Pomorskie
  LOT5119: 3.67km to QMO -> from WRO -> started at: 2026-04-19 21:14:00.782944 -> speed: 427 -> lat: 50.5554 - long: 18.0410 -> state: FlightState.IN_FLIGHT -> height: 9898m -> voivodeship: Opolskie
  LHT9765: 322.30km to IEG -> from SZY -> started at: 2026-04-19 21:14:07.266214 -> speed: 421 -> lat: 53.2871 - long: 20.1926 -> state: FlightState.IN_FLIGHT -> height: 10501m -> voivodeship: Warmińsko-Mazurskie
  RYR2894: 421.58km to QMO -> from QPY -> started at: 2026-04-19 21:14:11.159220 -> speed: 474 -> lat: 52.9325 - long: 22.8290 -> state: FlightState.IN_FLIGHT -> height: 9973m -> voivodeship: Podlaskie
[21:14:16] Active flights: 8
  WZZ8362: 3.41km to GDN -> from WAW -> started at: 2026-04-19 21:13:38.670652 -> speed: 469 -> lat: 54.3519 - long: 18.4950 -> state: FlightState.IN_FLIGHT -> height: 9238m -> voivodeship: Pomorskie
  WZZ1762: 9.94km to GDN -> from POZ -> started at: 2026-04-19 21:13:42.315883 -> speed: 412 -> lat: 54.2972 - long: 18.3988 -> state: FlightState.IN_FLIGHT -> height: 10511m -> voivodeship: Pomorskie
  LHT1789: 276.79km to BZG -> from RZE -> started at: 2026-04-19 21:13:53.171173 -> speed: 403 -> lat: 51.1814 - long: 20.5693 -> state: FlightState.IN_FLIGHT -> height: 8958m -> voivodeship: Świętokrzyskie
  RYR7361: 427.79km to LUZ -> from SZZ -> started at: 2026-04-19 21:13:54.413974 -> speed: 454 -> lat: 52.9293 - long: 17.0858 -> state: FlightState.IN_FLIGHT -> height: 10181m -> voivodeship: Wielkopolskie
  WZZ9919: 10.57km to LCJ -> from KTW -> started at: 2026-04-19 21:13:58.141407 -> speed: 430 -> lat: 51.6280 - long: 19.3742 -> state: FlightState.IN_FLIGHT -> height: 8002m -> voivodeship: Łódzkie
  RYR6945: 119.47km to GDN -> from POZ -> started at: 2026-04-19 21:13:59.453859 -> speed: 438 -> lat: 53.4142 - long: 17.6587 -> state: FlightState.IN_FLIGHT -> height: 7240m -> voivodeship: Kujawsko-Pomorskie
  LHT9765: 313.34km to IEG -> from SZY -> started at: 2026-04-19 21:14:07.266214 -> speed: 421 -> lat: 53.2548 - long: 20.0691 -> state: FlightState.IN_FLIGHT -> height: 10501m -> voivodeship: Warmińsko-Mazurskie
  RYR2894: 411.55km to QMO -> from QPY -> started at: 2026-04-19 21:14:11.159220 -> speed: 474 -> lat: 52.8745 - long: 22.7142 -> state: FlightState.IN_FLIGHT -> height: 9973m -> voivodeship: Podlaskie
[21:14:17] Active flights: 7
  WZZ1762: 1.28km to GDN -> from POZ -> started at: 2026-04-19 21:13:42.315883 -> speed: 412 -> lat: 54.3671 - long: 18.4574 -> state: FlightState.IN_FLIGHT -> height: 10511m -> voivodeship: Pomorskie
  LHT1789: 268.25km to BZG -> from RZE -> started at: 2026-04-19 21:13:53.171173 -> speed: 403 -> lat: 51.2400 - long: 20.4900 -> state: FlightState.IN_FLIGHT -> height: 8958m -> voivodeship: Świętokrzyskie
  RYR7361: 418.39km to LUZ -> from SZZ -> started at: 2026-04-19 21:13:54.413974 -> speed: 454 -> lat: 52.8916 - long: 17.2114 -> state: FlightState.IN_FLIGHT -> height: 10181m -> voivodeship: Wielkopolskie
  WZZ9919: 1.53km to LCJ -> from KTW -> started at: 2026-04-19 21:13:58.141407 -> speed: 430 -> lat: 51.7083 - long: 19.3946 -> state: FlightState.IN_FLIGHT -> height: 8002m -> voivodeship: Łódzkie
  RYR6945: 110.24km to GDN -> from POZ -> started at: 2026-04-19 21:13:59.453859 -> speed: 438 -> lat: 53.4884 - long: 17.7209 -> state: FlightState.IN_FLIGHT -> height: 7240m -> voivodeship: Kujawsko-Pomorskie
  LHT9765: 304.59km to IEG -> from SZY -> started at: 2026-04-19 21:14:07.266214 -> speed: 421 -> lat: 53.2233 - long: 19.9485 -> state: FlightState.IN_FLIGHT -> height: 10501m -> voivodeship: Warmińsko-Mazurskie
  RYR2894: 401.74km to QMO -> from QPY -> started at: 2026-04-19 21:14:11.159220 -> speed: 474 -> lat: 52.8179 - long: 22.6021 -> state: FlightState.IN_FLIGHT -> height: 9973m -> voivodeship: Podlaskie
[21:14:18] Active flights: 6
  LHT1789: 259.69km to BZG -> from RZE -> started at: 2026-04-19 21:13:53.171173 -> speed: 403 -> lat: 51.2988 - long: 20.4104 -> state: FlightState.IN_FLIGHT -> height: 8958m -> voivodeship: Świętokrzyskie
  RYR7361: 408.97km to LUZ -> from SZZ -> started at: 2026-04-19 21:13:54.413974 -> speed: 454 -> lat: 52.8538 - long: 17.3372 -> state: FlightState.IN_FLIGHT -> height: 10181m -> voivodeship: Wielkopolskie
  RYR6945: 100.99km to GDN -> from POZ -> started at: 2026-04-19 21:13:59.453859 -> speed: 438 -> lat: 53.5629 - long: 17.7833 -> state: FlightState.IN_FLIGHT -> height: 7240m -> voivodeship: Kujawsko-Pomorskie
  LHT9765: 295.81km to IEG -> from SZY -> started at: 2026-04-19 21:14:07.266214 -> speed: 421 -> lat: 53.1917 - long: 19.8276 -> state: FlightState.IN_FLIGHT -> height: 10501m -> voivodeship: Warmińsko-Mazurskie
  RYR2894: 391.91km to QMO -> from QPY -> started at: 2026-04-19 21:14:11.159220 -> speed: 474 -> lat: 52.7611 - long: 22.4897 -> state: FlightState.IN_FLIGHT -> height: 9973m -> voivodeship: Podlaskie
  LOT4734: 237.27km to WAW -> from KRK -> started at: 2026-04-19 21:14:17.573273 -> speed: 432 -> lat: 50.1549 - long: 19.8285 -> state: FlightState.IN_FLIGHT -> height: 10610m -> voivodeship: Małopolskie
[21:14:19] Active flights: 7
  LHT1789: 251.22km to BZG -> from RZE -> started at: 2026-04-19 21:13:53.171173 -> speed: 403 -> lat: 51.3570 - long: 20.3317 -> state: FlightState.IN_FLIGHT -> height: 8958m -> voivodeship: Łódzkie
  RYR7361: 399.64km to LUZ -> from SZZ -> started at: 2026-04-19 21:13:54.413974 -> speed: 454 -> lat: 52.8165 - long: 17.4617 -> state: FlightState.IN_FLIGHT -> height: 10181m -> voivodeship: Wielkopolskie
  RYR6945: 91.84km to GDN -> from POZ -> started at: 2026-04-19 21:13:59.453859 -> speed: 438 -> lat: 53.6365 - long: 17.8451 -> state: FlightState.IN_FLIGHT -> height: 7240m -> voivodeship: Kujawsko-Pomorskie
  LHT9765: 287.12km to IEG -> from SZY -> started at: 2026-04-19 21:14:07.266214 -> speed: 421 -> lat: 53.1604 - long: 19.7080 -> state: FlightState.IN_FLIGHT -> height: 10501m -> voivodeship: Kujawsko-Pomorskie
  RYR2894: 382.17km to QMO -> from QPY -> started at: 2026-04-19 21:14:11.159220 -> speed: 474 -> lat: 52.7050 - long: 22.3785 -> state: FlightState.IN_FLIGHT -> height: 9973m -> voivodeship: Mazowieckie
  LOT4734: 228.24km to WAW -> from KRK -> started at: 2026-04-19 21:14:17.573273 -> speed: 432 -> lat: 50.2312 - long: 19.8717 -> state: FlightState.IN_FLIGHT -> height: 10610m -> voivodeship: Małopolskie
  RYR5663: 136.45km to BZG -> from GDN -> started at: 2026-04-19 21:14:18.810616 -> speed: 458 -> lat: 54.2937 - long: 18.4342 -> state: FlightState.IN_FLIGHT -> height: 8499m -> voivodeship: Pomorskie
[21:14:21] Active flights: 7
  LHT1789: 243.41km to BZG -> from RZE -> started at: 2026-04-19 21:13:53.171173 -> speed: 403 -> lat: 51.4107 - long: 20.2591 -> state: FlightState.IN_FLIGHT -> height: 8958m -> voivodeship: Łódzkie
  RYR7361: 391.04km to LUZ -> from SZZ -> started at: 2026-04-19 21:13:54.413974 -> speed: 454 -> lat: 52.7820 - long: 17.5764 -> state: FlightState.IN_FLIGHT -> height: 10181m -> voivodeship: Kujawsko-Pomorskie
  RYR6945: 83.40km to GDN -> from POZ -> started at: 2026-04-19 21:13:59.453859 -> speed: 438 -> lat: 53.7045 - long: 17.9020 -> state: FlightState.IN_FLIGHT -> height: 7240m -> voivodeship: Kujawsko-Pomorskie
  LHT9765: 279.10km to IEG -> from SZY -> started at: 2026-04-19 21:14:07.266214 -> speed: 421 -> lat: 53.1316 - long: 19.5977 -> state: FlightState.IN_FLIGHT -> height: 10501m -> voivodeship: Kujawsko-Pomorskie
  RYR2894: 373.19km to QMO -> from QPY -> started at: 2026-04-19 21:14:11.159220 -> speed: 474 -> lat: 52.6532 - long: 22.2760 -> state: FlightState.IN_FLIGHT -> height: 9973m -> voivodeship: Mazowieckie
  LOT4734: 219.91km to WAW -> from KRK -> started at: 2026-04-19 21:14:17.573273 -> speed: 432 -> lat: 50.3016 - long: 19.9116 -> state: FlightState.IN_FLIGHT -> height: 10610m -> voivodeship: Małopolskie
  RYR5663: 127.65km to BZG -> from GDN -> started at: 2026-04-19 21:14:18.810616 -> speed: 458 -> lat: 54.2164 - long: 18.4047 -> state: FlightState.IN_FLIGHT -> height: 8499m -> voivodeship: Pomorskie
[21:14:22] Active flights: 8
  LHT1789: 235.67km to BZG -> from RZE -> started at: 2026-04-19 21:13:53.171173 -> speed: 403 -> lat: 51.4639 - long: 20.1871 -> state: FlightState.IN_FLIGHT -> height: 8958m -> voivodeship: Łódzkie
  RYR7361: 382.51km to LUZ -> from SZZ -> started at: 2026-04-19 21:13:54.413974 -> speed: 454 -> lat: 52.7479 - long: 17.6901 -> state: FlightState.IN_FLIGHT -> height: 10181m -> voivodeship: Kujawsko-Pomorskie
  RYR6945: 75.05km to GDN -> from POZ -> started at: 2026-04-19 21:13:59.453859 -> speed: 438 -> lat: 53.7719 - long: 17.9585 -> state: FlightState.IN_FLIGHT -> height: 7240m -> voivodeship: Pomorskie
  LHT9765: 271.15km to IEG -> from SZY -> started at: 2026-04-19 21:14:07.266214 -> speed: 421 -> lat: 53.1031 - long: 19.4885 -> state: FlightState.IN_FLIGHT -> height: 10501m -> voivodeship: Kujawsko-Pomorskie
  RYR2894: 364.28km to QMO -> from QPY -> started at: 2026-04-19 21:14:11.159220 -> speed: 474 -> lat: 52.6020 - long: 22.1745 -> state: FlightState.IN_FLIGHT -> height: 9973m -> voivodeship: Mazowieckie
  LOT4734: 211.66km to WAW -> from KRK -> started at: 2026-04-19 21:14:17.573273 -> speed: 432 -> lat: 50.3714 - long: 19.9511 -> state: FlightState.IN_FLIGHT -> height: 10610m -> voivodeship: Małopolskie
  RYR5663: 118.92km to BZG -> from GDN -> started at: 2026-04-19 21:14:18.810616 -> speed: 458 -> lat: 54.1399 - long: 18.3755 -> state: FlightState.IN_FLIGHT -> height: 8499m -> voivodeship: Pomorskie
  RYR5237: 292.93km to BZG -> from KTW -> started at: 2026-04-19 21:14:21.104945 -> speed: 438 -> lat: 50.5469 - long: 19.0495 -> state: FlightState.IN_FLIGHT -> height: 8290m -> voivodeship: Śląskie
[21:14:23] Active flights: 8
  LHT1789: 227.76km to BZG -> from RZE -> started at: 2026-04-19 21:13:53.171173 -> speed: 403 -> lat: 51.5183 - long: 20.1134 -> state: FlightState.IN_FLIGHT -> height: 8958m -> voivodeship: Łódzkie
  RYR7361: 373.78km to LUZ -> from SZZ -> started at: 2026-04-19 21:13:54.413974 -> speed: 454 -> lat: 52.7130 - long: 17.8064 -> state: FlightState.IN_FLIGHT -> height: 10181m -> voivodeship: Kujawsko-Pomorskie
  RYR6945: 66.49km to GDN -> from POZ -> started at: 2026-04-19 21:13:59.453859 -> speed: 438 -> lat: 53.8408 - long: 18.0163 -> state: FlightState.IN_FLIGHT -> height: 7240m -> voivodeship: Pomorskie
  LHT9765: 263.02km to IEG -> from SZY -> started at: 2026-04-19 21:14:07.266214 -> speed: 421 -> lat: 53.0739 - long: 19.3768 -> state: FlightState.IN_FLIGHT -> height: 10501m -> voivodeship: Kujawsko-Pomorskie
  RYR2894: 355.16km to QMO -> from QPY -> started at: 2026-04-19 21:14:11.159220 -> speed: 474 -> lat: 52.5495 - long: 22.0707 -> state: FlightState.IN_FLIGHT -> height: 9973m -> voivodeship: Mazowieckie
  LOT4734: 203.22km to WAW -> from KRK -> started at: 2026-04-19 21:14:17.573273 -> speed: 432 -> lat: 50.4429 - long: 19.9916 -> state: FlightState.IN_FLIGHT -> height: 10610m -> voivodeship: Małopolskie
  RYR5663: 109.99km to BZG -> from GDN -> started at: 2026-04-19 21:14:18.810616 -> speed: 458 -> lat: 54.0615 - long: 18.3456 -> state: FlightState.IN_FLIGHT -> height: 8499m -> voivodeship: Pomorskie
  RYR5237: 284.37km to BZG -> from KTW -> started at: 2026-04-19 21:14:21.104945 -> speed: 438 -> lat: 50.6212 - long: 19.0182 -> state: FlightState.IN_FLIGHT -> height: 8290m -> voivodeship: Śląskie
[21:14:24] Active flights: 8
  LHT1789: 219.90km to BZG -> from RZE -> started at: 2026-04-19 21:13:53.171173 -> speed: 403 -> lat: 51.5725 - long: 20.0402 -> state: FlightState.IN_FLIGHT -> height: 8958m -> voivodeship: Łódzkie
  RYR7361: 365.10km to LUZ -> from SZZ -> started at: 2026-04-19 21:13:54.413974 -> speed: 454 -> lat: 52.6784 - long: 17.9219 -> state: FlightState.IN_FLIGHT -> height: 10181m -> voivodeship: Kujawsko-Pomorskie
  RYR6945: 58.00km to GDN -> from POZ -> started at: 2026-04-19 21:13:59.453859 -> speed: 438 -> lat: 53.9093 - long: 18.0737 -> state: FlightState.IN_FLIGHT -> height: 7240m -> voivodeship: Pomorskie
  LHT9765: 254.93km to IEG -> from SZY -> started at: 2026-04-19 21:14:07.266214 -> speed: 421 -> lat: 53.0449 - long: 19.2658 -> state: FlightState.IN_FLIGHT -> height: 10501m -> voivodeship: Kujawsko-Pomorskie
  RYR2894: 346.10km to QMO -> from QPY -> started at: 2026-04-19 21:14:11.159220 -> speed: 474 -> lat: 52.4975 - long: 21.9676 -> state: FlightState.IN_FLIGHT -> height: 9973m -> voivodeship: Mazowieckie
  LOT4734: 194.83km to WAW -> from KRK -> started at: 2026-04-19 21:14:17.573273 -> speed: 432 -> lat: 50.5138 - long: 20.0317 -> state: FlightState.IN_FLIGHT -> height: 10610m -> voivodeship: Świętokrzyskie
  RYR5663: 101.13km to BZG -> from GDN -> started at: 2026-04-19 21:14:18.810616 -> speed: 458 -> lat: 53.9837 - long: 18.3160 -> state: FlightState.IN_FLIGHT -> height: 8499m -> voivodeship: Pomorskie
  RYR5237: 275.87km to BZG -> from KTW -> started at: 2026-04-19 21:14:21.104945 -> speed: 438 -> lat: 50.6951 - long: 18.9872 -> state: FlightState.IN_FLIGHT -> height: 8290m -> voivodeship: Śląskie
[21:14:25] Active flights: 8
  LHT1789: 211.89km to BZG -> from RZE -> started at: 2026-04-19 21:13:53.171173 -> speed: 403 -> lat: 51.6276 - long: 19.9656 -> state: FlightState.IN_FLIGHT -> height: 8958m -> voivodeship: Łódzkie
  RYR7361: 356.26km to LUZ -> from SZZ -> started at: 2026-04-19 21:13:54.413974 -> speed: 454 -> lat: 52.6431 - long: 18.0394 -> state: FlightState.IN_FLIGHT -> height: 10181m -> voivodeship: Kujawsko-Pomorskie
  RYR6945: 49.35km to GDN -> from POZ -> started at: 2026-04-19 21:13:59.453859 -> speed: 438 -> lat: 53.9791 - long: 18.1322 -> state: FlightState.IN_FLIGHT -> height: 7240m -> voivodeship: Pomorskie
  LHT9765: 246.70km to IEG -> from SZY -> started at: 2026-04-19 21:14:07.266214 -> speed: 421 -> lat: 53.0153 - long: 19.1528 -> state: FlightState.IN_FLIGHT -> height: 10501m -> voivodeship: Kujawsko-Pomorskie
  RYR2894: 336.88km to QMO -> from QPY -> started at: 2026-04-19 21:14:11.159220 -> speed: 474 -> lat: 52.4445 - long: 21.8626 -> state: FlightState.IN_FLIGHT -> height: 9973m -> voivodeship: Mazowieckie
  LOT4734: 186.29km to WAW -> from KRK -> started at: 2026-04-19 21:14:17.573273 -> speed: 432 -> lat: 50.5861 - long: 20.0727 -> state: FlightState.IN_FLIGHT -> height: 10610m -> voivodeship: Świętokrzyskie
  RYR5663: 92.09km to BZG -> from GDN -> started at: 2026-04-19 21:14:18.810616 -> speed: 458 -> lat: 53.9044 - long: 18.2857 -> state: FlightState.IN_FLIGHT -> height: 8499m -> voivodeship: Pomorskie
  RYR5237: 267.22km to BZG -> from KTW -> started at: 2026-04-19 21:14:21.104945 -> speed: 438 -> lat: 50.7703 - long: 18.9555 -> state: FlightState.IN_FLIGHT -> height: 8290m -> voivodeship: Śląskie
[21:14:27] Active flights: 8
  LHT1789: 203.87km to BZG -> from RZE -> started at: 2026-04-19 21:13:53.171173 -> speed: 403 -> lat: 51.6828 - long: 19.8908 -> state: FlightState.IN_FLIGHT -> height: 8958m -> voivodeship: Łódzkie
  RYR7361: 347.40km to LUZ -> from SZZ -> started at: 2026-04-19 21:13:54.413974 -> speed: 454 -> lat: 52.6077 - long: 18.1573 -> state: FlightState.IN_FLIGHT -> height: 10181m -> voivodeship: Kujawsko-Pomorskie
  RYR6945: 40.68km to GDN -> from POZ -> started at: 2026-04-19 21:13:59.453859 -> speed: 438 -> lat: 54.0490 - long: 18.1908 -> state: FlightState.IN_FLIGHT -> height: 7240m -> voivodeship: Pomorskie
  LHT9765: 238.44km to IEG -> from SZY -> started at: 2026-04-19 21:14:07.266214 -> speed: 421 -> lat: 52.9857 - long: 19.0396 -> state: FlightState.IN_FLIGHT -> height: 10501m -> voivodeship: Kujawsko-Pomorskie
  RYR2894: 327.62km to QMO -> from QPY -> started at: 2026-04-19 21:14:11.159220 -> speed: 474 -> lat: 52.3913 - long: 21.7574 -> state: FlightState.IN_FLIGHT -> height: 9973m -> voivodeship: Mazowieckie
  LOT4734: 177.73km to WAW -> from KRK -> started at: 2026-04-19 21:14:17.573273 -> speed: 432 -> lat: 50.6585 - long: 20.1137 -> state: FlightState.IN_FLIGHT -> height: 10610m -> voivodeship: Świętokrzyskie
  RYR5663: 83.04km to BZG -> from GDN -> started at: 2026-04-19 21:14:18.810616 -> speed: 458 -> lat: 53.8250 - long: 18.2554 -> state: FlightState.IN_FLIGHT -> height: 8499m -> voivodeship: Pomorskie
  RYR5237: 258.54km to BZG -> from KTW -> started at: 2026-04-19 21:14:21.104945 -> speed: 438 -> lat: 50.8457 - long: 18.9238 -> state: FlightState.IN_FLIGHT -> height: 8290m -> voivodeship: Śląskie
[21:14:28] Active flights: 8
  LHT1789: 195.87km to BZG -> from RZE -> started at: 2026-04-19 21:13:53.171173 -> speed: 403 -> lat: 51.7380 - long: 19.8162 -> state: FlightState.IN_FLIGHT -> height: 8958m -> voivodeship: Łódzkie
  RYR7361: 338.55km to LUZ -> from SZZ -> started at: 2026-04-19 21:13:54.413974 -> speed: 454 -> lat: 52.5724 - long: 18.2748 -> state: FlightState.IN_FLIGHT -> height: 10181m -> voivodeship: Kujawsko-Pomorskie
  RYR6945: 32.02km to GDN -> from POZ -> started at: 2026-04-19 21:13:59.453859 -> speed: 438 -> lat: 54.1188 - long: 18.2493 -> state: FlightState.IN_FLIGHT -> height: 7240m -> voivodeship: Pomorskie
  LHT9765: 230.20km to IEG -> from SZY -> started at: 2026-04-19 21:14:07.266214 -> speed: 421 -> lat: 52.9562 - long: 18.9266 -> state: FlightState.IN_FLIGHT -> height: 10501m -> voivodeship: Kujawsko-Pomorskie
  RYR2894: 318.38km to QMO -> from QPY -> started at: 2026-04-19 21:14:11.159220 -> speed: 474 -> lat: 52.3383 - long: 21.6524 -> state: FlightState.IN_FLIGHT -> height: 9973m -> voivodeship: Mazowieckie
  LOT4734: 169.19km to WAW -> from KRK -> started at: 2026-04-19 21:14:17.573273 -> speed: 432 -> lat: 50.7309 - long: 20.1546 -> state: FlightState.IN_FLIGHT -> height: 10610m -> voivodeship: Świętokrzyskie
  RYR5663: 74.00km to BZG -> from GDN -> started at: 2026-04-19 21:14:18.810616 -> speed: 458 -> lat: 53.7457 - long: 18.2252 -> state: FlightState.IN_FLIGHT -> height: 8499m -> voivodeship: Pomorskie
  RYR5237: 249.88km to BZG -> from KTW -> started at: 2026-04-19 21:14:21.104945 -> speed: 438 -> lat: 50.9210 - long: 18.8922 -> state: FlightState.IN_FLIGHT -> height: 8290m -> voivodeship: Śląskie
[21:14:29] Active flights: 8
  LHT1789: 187.83km to BZG -> from RZE -> started at: 2026-04-19 21:13:53.171173 -> speed: 403 -> lat: 51.7935 - long: 19.7412 -> state: FlightState.IN_FLIGHT -> height: 8958m -> voivodeship: Łódzkie
  RYR7361: 329.65km to LUZ -> from SZZ -> started at: 2026-04-19 21:13:54.413974 -> speed: 454 -> lat: 52.5370 - long: 18.3929 -> state: FlightState.IN_FLIGHT -> height: 10181m -> voivodeship: Kujawsko-Pomorskie
  RYR6945: 23.33km to GDN -> from POZ -> started at: 2026-04-19 21:13:59.453859 -> speed: 438 -> lat: 54.1890 - long: 18.3081 -> state: FlightState.IN_FLIGHT -> height: 7240m -> voivodeship: Pomorskie
  LHT9765: 221.91km to IEG -> from SZY -> started at: 2026-04-19 21:14:07.266214 -> speed: 421 -> lat: 52.9266 - long: 18.8132 -> state: FlightState.IN_FLIGHT -> height: 10501m -> voivodeship: Kujawsko-Pomorskie
  RYR2894: 309.09km to QMO -> from QPY -> started at: 2026-04-19 21:14:11.159220 -> speed: 474 -> lat: 52.2851 - long: 21.5470 -> state: FlightState.IN_FLIGHT -> height: 9973m -> voivodeship: Mazowieckie
  LOT4734: 160.60km to WAW -> from KRK -> started at: 2026-04-19 21:14:17.573273 -> speed: 432 -> lat: 50.8035 - long: 20.1958 -> state: FlightState.IN_FLIGHT -> height: 10610m -> voivodeship: Świętokrzyskie
  RYR5663: 64.92km to BZG -> from GDN -> started at: 2026-04-19 21:14:18.810616 -> speed: 458 -> lat: 53.6660 - long: 18.1948 -> state: FlightState.IN_FLIGHT -> height: 8499m -> voivodeship: Kujawsko-Pomorskie
  RYR5237: 241.18km to BZG -> from KTW -> started at: 2026-04-19 21:14:21.104945 -> speed: 438 -> lat: 50.9967 - long: 18.8604 -> state: FlightState.IN_FLIGHT -> height: 8290m -> voivodeship: Śląskie
[21:14:30] Active flights: 8
  LHT1789: 179.95km to BZG -> from RZE -> started at: 2026-04-19 21:13:53.171173 -> speed: 403 -> lat: 51.8478 - long: 19.6676 -> state: FlightState.IN_FLIGHT -> height: 8958m -> voivodeship: Łódzkie
  RYR7361: 320.93km to LUZ -> from SZZ -> started at: 2026-04-19 21:13:54.413974 -> speed: 454 -> lat: 52.5023 - long: 18.5085 -> state: FlightState.IN_FLIGHT -> height: 10181m -> voivodeship: Kujawsko-Pomorskie
  RYR6945: 14.82km to GDN -> from POZ -> started at: 2026-04-19 21:13:59.453859 -> speed: 438 -> lat: 54.2578 - long: 18.3658 -> state: FlightState.IN_FLIGHT -> height: 7240m -> voivodeship: Pomorskie
  LHT9765: 213.79km to IEG -> from SZY -> started at: 2026-04-19 21:14:07.266214 -> speed: 421 -> lat: 52.8975 - long: 18.7020 -> state: FlightState.IN_FLIGHT -> height: 10501m -> voivodeship: Kujawsko-Pomorskie
  RYR2894: 299.98km to QMO -> from QPY -> started at: 2026-04-19 21:14:11.159220 -> speed: 474 -> lat: 52.2330 - long: 21.4438 -> state: FlightState.IN_FLIGHT -> height: 9973m -> voivodeship: Mazowieckie
  LOT4734: 152.20km to WAW -> from KRK -> started at: 2026-04-19 21:14:17.573273 -> speed: 432 -> lat: 50.8747 - long: 20.2361 -> state: FlightState.IN_FLIGHT -> height: 10610m -> voivodeship: Świętokrzyskie
  RYR5663: 56.02km to BZG -> from GDN -> started at: 2026-04-19 21:14:18.810616 -> speed: 458 -> lat: 53.5879 - long: 18.1651 -> state: FlightState.IN_FLIGHT -> height: 8499m -> voivodeship: Kujawsko-Pomorskie
  RYR5237: 232.66km to BZG -> from KTW -> started at: 2026-04-19 21:14:21.104945 -> speed: 438 -> lat: 51.0708 - long: 18.8293 -> state: FlightState.IN_FLIGHT -> height: 8290m -> voivodeship: Łódzkie
[21:14:31] Active flights: 9
  LHT1789: 172.23km to BZG -> from RZE -> started at: 2026-04-19 21:13:53.171173 -> speed: 403 -> lat: 51.9011 - long: 19.5956 -> state: FlightState.IN_FLIGHT -> height: 8958m -> voivodeship: Łódzkie
  RYR7361: 312.38km to LUZ -> from SZZ -> started at: 2026-04-19 21:13:54.413974 -> speed: 454 -> lat: 52.4683 - long: 18.6218 -> state: FlightState.IN_FLIGHT -> height: 10181m -> voivodeship: Kujawsko-Pomorskie
  RYR6945: 6.48km to GDN -> from POZ -> started at: 2026-04-19 21:13:59.453859 -> speed: 438 -> lat: 54.3252 - long: 18.4222 -> state: FlightState.IN_FLIGHT -> height: 7240m -> voivodeship: Pomorskie
  LHT9765: 205.83km to IEG -> from SZY -> started at: 2026-04-19 21:14:07.266214 -> speed: 421 -> lat: 52.8690 - long: 18.5931 -> state: FlightState.IN_FLIGHT -> height: 10501m -> voivodeship: Kujawsko-Pomorskie
  RYR2894: 291.06km to QMO -> from QPY -> started at: 2026-04-19 21:14:11.159220 -> speed: 474 -> lat: 52.1819 - long: 21.3426 -> state: FlightState.IN_FLIGHT -> height: 9973m -> voivodeship: Mazowieckie
  LOT4734: 143.96km to WAW -> from KRK -> started at: 2026-04-19 21:14:17.573273 -> speed: 432 -> lat: 50.9445 - long: 20.2756 -> state: FlightState.IN_FLIGHT -> height: 10610m -> voivodeship: Świętokrzyskie
  RYR5663: 47.30km to BZG -> from GDN -> started at: 2026-04-19 21:14:18.810616 -> speed: 458 -> lat: 53.5114 - long: 18.1359 -> state: FlightState.IN_FLIGHT -> height: 8499m -> voivodeship: Kujawsko-Pomorskie
  RYR5237: 224.31km to BZG -> from KTW -> started at: 2026-04-19 21:14:21.104945 -> speed: 438 -> lat: 51.1434 - long: 18.7987 -> state: FlightState.IN_FLIGHT -> height: 8290m -> voivodeship: Łódzkie
  RYR6939: 370.80km to GDN -> from WRO -> started at: 2026-04-19 21:14:30.521290 -> speed: 447 -> lat: 51.1762 - long: 16.9213 -> state: FlightState.IN_FLIGHT -> height: 9249m -> voivodeship: Dolnośląskie
[21:14:32] Active flights: 8
  LHT1789: 164.52km to BZG -> from RZE -> started at: 2026-04-19 21:13:53.171173 -> speed: 403 -> lat: 51.9544 - long: 19.5234 -> state: FlightState.IN_FLIGHT -> height: 8958m -> voivodeship: Łódzkie
  RYR7361: 303.83km to LUZ -> from SZZ -> started at: 2026-04-19 21:13:54.413974 -> speed: 454 -> lat: 52.4343 - long: 18.7351 -> state: FlightState.IN_FLIGHT -> height: 10181m -> voivodeship: Kujawsko-Pomorskie
  LHT9765: 197.87km to IEG -> from SZY -> started at: 2026-04-19 21:14:07.266214 -> speed: 421 -> lat: 52.8406 - long: 18.4842 -> state: FlightState.IN_FLIGHT -> height: 10501m -> voivodeship: Kujawsko-Pomorskie
  RYR2894: 282.12km to QMO -> from QPY -> started at: 2026-04-19 21:14:11.159220 -> speed: 474 -> lat: 52.1308 - long: 21.2415 -> state: FlightState.IN_FLIGHT -> height: 9973m -> voivodeship: Mazowieckie
  LOT4734: 135.71km to WAW -> from KRK -> started at: 2026-04-19 21:14:17.573273 -> speed: 432 -> lat: 51.0144 - long: 20.3152 -> state: FlightState.IN_FLIGHT -> height: 10610m -> voivodeship: Świętokrzyskie
  RYR5663: 38.57km to BZG -> from GDN -> started at: 2026-04-19 21:14:18.810616 -> speed: 458 -> lat: 53.4349 - long: 18.1067 -> state: FlightState.IN_FLIGHT -> height: 8499m -> voivodeship: Kujawsko-Pomorskie
  RYR5237: 215.95km to BZG -> from KTW -> started at: 2026-04-19 21:14:21.104945 -> speed: 438 -> lat: 51.2161 - long: 18.7682 -> state: FlightState.IN_FLIGHT -> height: 8290m -> voivodeship: Łódzkie
  RYR6939: 362.26km to GDN -> from WRO -> started at: 2026-04-19 21:14:30.521290 -> speed: 447 -> lat: 51.2497 - long: 16.9568 -> state: FlightState.IN_FLIGHT -> height: 9249m -> voivodeship: Dolnośląskie
[21:14:33] Active flights: 8
  LHT1789: 156.86km to BZG -> from RZE -> started at: 2026-04-19 21:13:53.171173 -> speed: 403 -> lat: 52.0073 - long: 19.4519 -> state: FlightState.IN_FLIGHT -> height: 8958m -> voivodeship: Łódzkie
  RYR7361: 295.34km to LUZ -> from SZZ -> started at: 2026-04-19 21:13:54.413974 -> speed: 454 -> lat: 52.4006 - long: 18.8475 -> state: FlightState.IN_FLIGHT -> height: 10181m -> voivodeship: Kujawsko-Pomorskie
  LHT9765: 189.96km to IEG -> from SZY -> started at: 2026-04-19 21:14:07.266214 -> speed: 421 -> lat: 52.8123 - long: 18.3762 -> state: FlightState.IN_FLIGHT -> height: 10501m -> voivodeship: Kujawsko-Pomorskie
  RYR2894: 273.26km to QMO -> from QPY -> started at: 2026-04-19 21:14:11.159220 -> speed: 474 -> lat: 52.0802 - long: 21.1412 -> state: FlightState.IN_FLIGHT -> height: 9973m -> voivodeship: Mazowieckie
  LOT4734: 127.54km to WAW -> from KRK -> started at: 2026-04-19 21:14:17.573273 -> speed: 432 -> lat: 51.0836 - long: 20.3544 -> state: FlightState.IN_FLIGHT -> height: 10610m -> voivodeship: Świętokrzyskie
  RYR5663: 29.92km to BZG -> from GDN -> started at: 2026-04-19 21:14:18.810616 -> speed: 458 -> lat: 53.3590 - long: 18.0778 -> state: FlightState.IN_FLIGHT -> height: 8499m -> voivodeship: Kujawsko-Pomorskie
  RYR5237: 207.66km to BZG -> from KTW -> started at: 2026-04-19 21:14:21.104945 -> speed: 438 -> lat: 51.2882 - long: 18.7379 -> state: FlightState.IN_FLIGHT -> height: 8290m -> voivodeship: Łódzkie
  RYR6939: 353.79km to GDN -> from WRO -> started at: 2026-04-19 21:14:30.521290 -> speed: 447 -> lat: 51.3227 - long: 16.9920 -> state: FlightState.IN_FLIGHT -> height: 9249m -> voivodeship: Dolnośląskie
[21:14:35] Active flights: 9
  LHT1789: 149.19km to BZG -> from RZE -> started at: 2026-04-19 21:13:53.171173 -> speed: 403 -> lat: 52.0603 - long: 19.3801 -> state: FlightState.IN_FLIGHT -> height: 8958m -> voivodeship: Łódzkie
  RYR7361: 286.82km to LUZ -> from SZZ -> started at: 2026-04-19 21:13:54.413974 -> speed: 454 -> lat: 52.3668 - long: 18.9602 -> state: FlightState.IN_FLIGHT -> height: 10181m -> voivodeship: Wielkopolskie
  LHT9765: 182.03km to IEG -> from SZY -> started at: 2026-04-19 21:14:07.266214 -> speed: 421 -> lat: 52.7840 - long: 18.2679 -> state: FlightState.IN_FLIGHT -> height: 10501m -> voivodeship: Kujawsko-Pomorskie
  RYR2894: 264.36km to QMO -> from QPY -> started at: 2026-04-19 21:14:11.159220 -> speed: 474 -> lat: 52.0294 - long: 21.0406 -> state: FlightState.IN_FLIGHT -> height: 9973m -> voivodeship: Mazowieckie
  LOT4734: 119.34km to WAW -> from KRK -> started at: 2026-04-19 21:14:17.573273 -> speed: 432 -> lat: 51.1531 - long: 20.3937 -> state: FlightState.IN_FLIGHT -> height: 10610m -> voivodeship: Świętokrzyskie
  RYR5663: 21.24km to BZG -> from GDN -> started at: 2026-04-19 21:14:18.810616 -> speed: 458 -> lat: 53.2829 - long: 18.0488 -> state: FlightState.IN_FLIGHT -> height: 8499m -> voivodeship: Kujawsko-Pomorskie
  RYR5237: 199.35km to BZG -> from KTW -> started at: 2026-04-19 21:14:21.104945 -> speed: 438 -> lat: 51.3605 - long: 18.7075 -> state: FlightState.IN_FLIGHT -> height: 8290m -> voivodeship: Łódzkie
  RYR6939: 345.29km to GDN -> from WRO -> started at: 2026-04-19 21:14:30.521290 -> speed: 447 -> lat: 51.3959 - long: 17.0273 -> state: FlightState.IN_FLIGHT -> height: 9249m -> voivodeship: Dolnośląskie
  ENT9561: 524.73km to RZE -> from GDN -> started at: 2026-04-19 21:14:33.906382 -> speed: 412 -> lat: 54.3149 - long: 18.5182 -> state: FlightState.IN_FLIGHT -> height: 11330m -> voivodeship: Pomorskie
[21:14:36] Active flights: 9
  LHT1789: 141.22km to BZG -> from RZE -> started at: 2026-04-19 21:13:53.171173 -> speed: 403 -> lat: 52.1154 - long: 19.3055 -> state: FlightState.IN_FLIGHT -> height: 8958m -> voivodeship: Łódzkie
  RYR7361: 277.98km to LUZ -> from SZZ -> started at: 2026-04-19 21:13:54.413974 -> speed: 454 -> lat: 52.3317 - long: 19.0771 -> state: FlightState.IN_FLIGHT -> height: 10181m -> voivodeship: Łódzkie
  LHT9765: 173.79km to IEG -> from SZY -> started at: 2026-04-19 21:14:07.266214 -> speed: 421 -> lat: 52.7547 - long: 18.1555 -> state: FlightState.IN_FLIGHT -> height: 10501m -> voivodeship: Kujawsko-Pomorskie
  RYR2894: 255.12km to QMO -> from QPY -> started at: 2026-04-19 21:14:11.159220 -> speed: 474 -> lat: 51.9767 - long: 20.9362 -> state: FlightState.IN_FLIGHT -> height: 9973m -> voivodeship: Mazowieckie
  LOT4734: 110.82km to WAW -> from KRK -> started at: 2026-04-19 21:14:17.573273 -> speed: 432 -> lat: 51.2253 - long: 20.4346 -> state: FlightState.IN_FLIGHT -> height: 10610m -> voivodeship: Świętokrzyskie
  RYR5663: 12.22km to BZG -> from GDN -> started at: 2026-04-19 21:14:18.810616 -> speed: 458 -> lat: 53.2039 - long: 18.0187 -> state: FlightState.IN_FLIGHT -> height: 8499m -> voivodeship: Kujawsko-Pomorskie
  RYR5237: 190.72km to BZG -> from KTW -> started at: 2026-04-19 21:14:21.104945 -> speed: 438 -> lat: 51.4356 - long: 18.6759 -> state: FlightState.IN_FLIGHT -> height: 8290m -> voivodeship: Łódzkie
  RYR6939: 336.47km to GDN -> from WRO -> started at: 2026-04-19 21:14:30.521290 -> speed: 447 -> lat: 51.4718 - long: 17.0639 -> state: FlightState.IN_FLIGHT -> height: 9249m -> voivodeship: Dolnośląskie
  ENT9561: 516.70km to RZE -> from GDN -> started at: 2026-04-19 21:14:33.906382 -> speed: 412 -> lat: 54.2499 - long: 18.5723 -> state: FlightState.IN_FLIGHT -> height: 11330m -> voivodeship: Pomorskie
[21:14:37] Active flights: 10
  LHT1789: 133.36km to BZG -> from RZE -> started at: 2026-04-19 21:13:53.171173 -> speed: 403 -> lat: 52.1698 - long: 19.2319 -> state: FlightState.IN_FLIGHT -> height: 8958m -> voivodeship: Łódzkie
  RYR7361: 269.24km to LUZ -> from SZZ -> started at: 2026-04-19 21:13:54.413974 -> speed: 454 -> lat: 52.2970 - long: 19.1925 -> state: FlightState.IN_FLIGHT -> height: 10181m -> voivodeship: Łódzkie
  LHT9765: 165.66km to IEG -> from SZY -> started at: 2026-04-19 21:14:07.266214 -> speed: 421 -> lat: 52.7257 - long: 18.0446 -> state: FlightState.IN_FLIGHT -> height: 10501m -> voivodeship: Kujawsko-Pomorskie
  RYR2894: 246.00km to QMO -> from QPY -> started at: 2026-04-19 21:14:11.159220 -> speed: 474 -> lat: 51.9246 - long: 20.8332 -> state: FlightState.IN_FLIGHT -> height: 9973m -> voivodeship: Mazowieckie
  LOT4734: 102.42km to WAW -> from KRK -> started at: 2026-04-19 21:14:17.573273 -> speed: 432 -> lat: 51.2965 - long: 20.4749 -> state: FlightState.IN_FLIGHT -> height: 10610m -> voivodeship: Świętokrzyskie
  RYR5663: 3.33km to BZG -> from GDN -> started at: 2026-04-19 21:14:18.810616 -> speed: 458 -> lat: 53.1259 - long: 17.9889 -> state: FlightState.IN_FLIGHT -> height: 8499m -> voivodeship: Kujawsko-Pomorskie
  RYR5237: 182.20km to BZG -> from KTW -> started at: 2026-04-19 21:14:21.104945 -> speed: 438 -> lat: 51.5097 - long: 18.6448 -> state: FlightState.IN_FLIGHT -> height: 8290m -> voivodeship: Łódzkie
  RYR6939: 327.77km to GDN -> from WRO -> started at: 2026-04-19 21:14:30.521290 -> speed: 447 -> lat: 51.5468 - long: 17.1001 -> state: FlightState.IN_FLIGHT -> height: 9249m -> voivodeship: Dolnośląskie
  ENT9561: 508.78km to RZE -> from GDN -> started at: 2026-04-19 21:14:33.906382 -> speed: 412 -> lat: 54.1858 - long: 18.6257 -> state: FlightState.IN_FLIGHT -> height: 11330m -> voivodeship: Pomorskie
  RYR4363: 173.81km to QPY -> from WAW -> started at: 2026-04-19 21:14:36.260433 -> speed: 423 -> lat: 52.2082 - long: 21.0667 -> state: FlightState.IN_FLIGHT -> height: 7664m -> voivodeship: Mazowieckie
[21:14:38] Active flights: 9
  LHT1789: 125.50km to BZG -> from RZE -> started at: 2026-04-19 21:13:53.171173 -> speed: 403 -> lat: 52.2242 - long: 19.1583 -> state: FlightState.IN_FLIGHT -> height: 8958m -> voivodeship: Łódzkie
  RYR7361: 260.51km to LUZ -> from SZZ -> started at: 2026-04-19 21:13:54.413974 -> speed: 454 -> lat: 52.2624 - long: 19.3077 -> state: FlightState.IN_FLIGHT -> height: 10181m -> voivodeship: Łódzkie
  LHT9765: 157.53km to IEG -> from SZY -> started at: 2026-04-19 21:14:07.266214 -> speed: 421 -> lat: 52.6967 - long: 17.9338 -> state: FlightState.IN_FLIGHT -> height: 10501m -> voivodeship: Kujawsko-Pomorskie
  RYR2894: 236.88km to QMO -> from QPY -> started at: 2026-04-19 21:14:11.159220 -> speed: 474 -> lat: 51.8727 - long: 20.7303 -> state: FlightState.IN_FLIGHT -> height: 9973m -> voivodeship: Mazowieckie
  LOT4734: 94.03km to WAW -> from KRK -> started at: 2026-04-19 21:14:17.573273 -> speed: 432 -> lat: 51.3676 - long: 20.5152 -> state: FlightState.IN_FLIGHT -> height: 10610m -> voivodeship: Mazowieckie
  RYR5237: 173.69km to BZG -> from KTW -> started at: 2026-04-19 21:14:21.104945 -> speed: 438 -> lat: 51.5838 - long: 18.6137 -> state: FlightState.IN_FLIGHT -> height: 8290m -> voivodeship: Łódzkie
  RYR6939: 319.07km to GDN -> from WRO -> started at: 2026-04-19 21:14:30.521290 -> speed: 447 -> lat: 51.6218 - long: 17.1363 -> state: FlightState.IN_FLIGHT -> height: 9249m -> voivodeship: Wielkopolskie
  ENT9561: 500.86km to RZE -> from GDN -> started at: 2026-04-19 21:14:33.906382 -> speed: 412 -> lat: 54.1217 - long: 18.6791 -> state: FlightState.IN_FLIGHT -> height: 11330m -> voivodeship: Pomorskie
  RYR4363: 165.54km to QPY -> from WAW -> started at: 2026-04-19 21:14:36.260433 -> speed: 423 -> lat: 52.2507 - long: 21.1663 -> state: FlightState.IN_FLIGHT -> height: 7664m -> voivodeship: Mazowieckie
[21:14:39] Active flights: 10
  LHT1789: 117.20km to BZG -> from RZE -> started at: 2026-04-19 21:13:53.171173 -> speed: 403 -> lat: 52.2817 - long: 19.0806 -> state: FlightState.IN_FLIGHT -> height: 8958m -> voivodeship: Łódzkie
  RYR7361: 251.29km to LUZ -> from SZZ -> started at: 2026-04-19 21:13:54.413974 -> speed: 454 -> lat: 52.2259 - long: 19.4295 -> state: FlightState.IN_FLIGHT -> height: 10181m -> voivodeship: Łódzkie
  LHT9765: 148.94km to IEG -> from SZY -> started at: 2026-04-19 21:14:07.266214 -> speed: 421 -> lat: 52.6661 - long: 17.8167 -> state: FlightState.IN_FLIGHT -> height: 10501m -> voivodeship: Kujawsko-Pomorskie
  RYR2894: 227.24km to QMO -> from QPY -> started at: 2026-04-19 21:14:11.159220 -> speed: 474 -> lat: 51.8178 - long: 20.6217 -> state: FlightState.IN_FLIGHT -> height: 9973m -> voivodeship: Mazowieckie
  LOT4734: 85.16km to WAW -> from KRK -> started at: 2026-04-19 21:14:17.573273 -> speed: 432 -> lat: 51.4429 - long: 20.5578 -> state: FlightState.IN_FLIGHT -> height: 10610m -> voivodeship: Mazowieckie
  RYR5237: 164.69km to BZG -> from KTW -> started at: 2026-04-19 21:14:21.104945 -> speed: 438 -> lat: 51.6620 - long: 18.5808 -> state: FlightState.IN_FLIGHT -> height: 8290m -> voivodeship: Łódzkie
  RYR6939: 309.88km to GDN -> from WRO -> started at: 2026-04-19 21:14:30.521290 -> speed: 447 -> lat: 51.7009 - long: 17.1745 -> state: FlightState.IN_FLIGHT -> height: 9249m -> voivodeship: Wielkopolskie
  ENT9561: 492.49km to RZE -> from GDN -> started at: 2026-04-19 21:14:33.906382 -> speed: 412 -> lat: 54.0540 - long: 18.7354 -> state: FlightState.IN_FLIGHT -> height: 11330m -> voivodeship: Pomorskie
  RYR4363: 156.81km to QPY -> from WAW -> started at: 2026-04-19 21:14:36.260433 -> speed: 423 -> lat: 52.2956 - long: 21.2716 -> state: FlightState.IN_FLIGHT -> height: 7664m -> voivodeship: Mazowieckie
  LOT816: 372.83km to RZE -> from SZY -> started at: 2026-04-19 21:14:38.640256 -> speed: 459 -> lat: 53.3988 - long: 20.9644 -> state: FlightState.IN_FLIGHT -> height: 9428m -> voivodeship: Warmińsko-Mazurskie
[21:14:41] Active flights: 10
  LHT1789: 108.94km to BZG -> from RZE -> started at: 2026-04-19 21:13:53.171173 -> speed: 403 -> lat: 52.3390 - long: 19.0031 -> state: FlightState.IN_FLIGHT -> height: 8958m -> voivodeship: Wielkopolskie
  RYR7361: 242.09km to LUZ -> from SZZ -> started at: 2026-04-19 21:13:54.413974 -> speed: 454 -> lat: 52.1895 - long: 19.5507 -> state: FlightState.IN_FLIGHT -> height: 10181m -> voivodeship: Łódzkie
  LHT9765: 140.38km to IEG -> from SZY -> started at: 2026-04-19 21:14:07.266214 -> speed: 421 -> lat: 52.6356 - long: 17.7002 -> state: FlightState.IN_FLIGHT -> height: 10501m -> voivodeship: Kujawsko-Pomorskie
  RYR2894: 217.64km to QMO -> from QPY -> started at: 2026-04-19 21:14:11.159220 -> speed: 474 -> lat: 51.7632 - long: 20.5134 -> state: FlightState.IN_FLIGHT -> height: 9973m -> voivodeship: Łódzkie
  LOT4734: 76.33km to WAW -> from KRK -> started at: 2026-04-19 21:14:17.573273 -> speed: 432 -> lat: 51.5178 - long: 20.6002 -> state: FlightState.IN_FLIGHT -> height: 10610m -> voivodeship: Mazowieckie
  RYR5237: 155.73km to BZG -> from KTW -> started at: 2026-04-19 21:14:21.104945 -> speed: 438 -> lat: 51.7400 - long: 18.5480 -> state: FlightState.IN_FLIGHT -> height: 8290m -> voivodeship: Łódzkie
  RYR6939: 300.72km to GDN -> from WRO -> started at: 2026-04-19 21:14:30.521290 -> speed: 447 -> lat: 51.7799 - long: 17.2126 -> state: FlightState.IN_FLIGHT -> height: 9249m -> voivodeship: Wielkopolskie
  ENT9561: 484.15km to RZE -> from GDN -> started at: 2026-04-19 21:14:33.906382 -> speed: 412 -> lat: 53.9866 - long: 18.7915 -> state: FlightState.IN_FLIGHT -> height: 11330m -> voivodeship: Pomorskie
  RYR4363: 148.12km to QPY -> from WAW -> started at: 2026-04-19 21:14:36.260433 -> speed: 423 -> lat: 52.3403 - long: 21.3765 -> state: FlightState.IN_FLIGHT -> height: 7664m -> voivodeship: Mazowieckie
  LOT816: 363.46km to RZE -> from SZY -> started at: 2026-04-19 21:14:38.640256 -> speed: 459 -> lat: 53.3161 - long: 20.9910 -> state: FlightState.IN_FLIGHT -> height: 9428m -> voivodeship: Mazowieckie
[21:14:42] Active flights: 10
  LHT1789: 100.63km to BZG -> from RZE -> started at: 2026-04-19 21:13:53.171173 -> speed: 403 -> lat: 52.3965 - long: 18.9251 -> state: FlightState.IN_FLIGHT -> height: 8958m -> voivodeship: Wielkopolskie
  RYR7361: 232.84km to LUZ -> from SZZ -> started at: 2026-04-19 21:13:54.413974 -> speed: 454 -> lat: 52.1529 - long: 19.6726 -> state: FlightState.IN_FLIGHT -> height: 10181m -> voivodeship: Łódzkie
  LHT9765: 131.77km to IEG -> from SZY -> started at: 2026-04-19 21:14:07.266214 -> speed: 421 -> lat: 52.6050 - long: 17.5830 -> state: FlightState.IN_FLIGHT -> height: 10501m -> voivodeship: Wielkopolskie
  RYR2894: 207.97km to QMO -> from QPY -> started at: 2026-04-19 21:14:11.159220 -> speed: 474 -> lat: 51.7082 - long: 20.4046 -> state: FlightState.IN_FLIGHT -> height: 9973m -> voivodeship: Łódzkie
  LOT4734: 67.44km to WAW -> from KRK -> started at: 2026-04-19 21:14:17.573273 -> speed: 432 -> lat: 51.5931 - long: 20.6429 -> state: FlightState.IN_FLIGHT -> height: 10610m -> voivodeship: Mazowieckie
  RYR5237: 146.73km to BZG -> from KTW -> started at: 2026-04-19 21:14:21.104945 -> speed: 438 -> lat: 51.8184 - long: 18.5150 -> state: FlightState.IN_FLIGHT -> height: 8290m -> voivodeship: Łódzkie
  RYR6939: 291.52km to GDN -> from WRO -> started at: 2026-04-19 21:14:30.521290 -> speed: 447 -> lat: 51.8592 - long: 17.2509 -> state: FlightState.IN_FLIGHT -> height: 9249m -> voivodeship: Wielkopolskie
  ENT9561: 475.77km to RZE -> from GDN -> started at: 2026-04-19 21:14:33.906382 -> speed: 412 -> lat: 53.9188 - long: 18.8480 -> state: FlightState.IN_FLIGHT -> height: 11330m -> voivodeship: Pomorskie
  RYR4363: 139.38km to QPY -> from WAW -> started at: 2026-04-19 21:14:36.260433 -> speed: 423 -> lat: 52.3853 - long: 21.4821 -> state: FlightState.IN_FLIGHT -> height: 7664m -> voivodeship: Mazowieckie
  LOT816: 354.04km to RZE -> from SZY -> started at: 2026-04-19 21:14:38.640256 -> speed: 459 -> lat: 53.2329 - long: 21.0176 -> state: FlightState.IN_FLIGHT -> height: 9428m -> voivodeship: Mazowieckie
[21:14:43] Active flights: 10
  LHT1789: 92.11km to BZG -> from RZE -> started at: 2026-04-19 21:13:53.171173 -> speed: 403 -> lat: 52.4557 - long: 18.8451 -> state: FlightState.IN_FLIGHT -> height: 8958m -> voivodeship: Kujawsko-Pomorskie
  RYR7361: 223.34km to LUZ -> from SZZ -> started at: 2026-04-19 21:13:54.413974 -> speed: 454 -> lat: 52.1154 - long: 19.7977 -> state: FlightState.IN_FLIGHT -> height: 10181m -> voivodeship: Łódzkie
  LHT9765: 122.93km to IEG -> from SZY -> started at: 2026-04-19 21:14:07.266214 -> speed: 421 -> lat: 52.5736 - long: 17.4627 -> state: FlightState.IN_FLIGHT -> height: 10501m -> voivodeship: Wielkopolskie
  RYR2894: 198.05km to QMO -> from QPY -> started at: 2026-04-19 21:14:11.159220 -> speed: 474 -> lat: 51.6519 - long: 20.2930 -> state: FlightState.IN_FLIGHT -> height: 9973m -> voivodeship: Łódzkie
  LOT4734: 58.33km to WAW -> from KRK -> started at: 2026-04-19 21:14:17.573273 -> speed: 432 -> lat: 51.6705 - long: 20.6867 -> state: FlightState.IN_FLIGHT -> height: 10610m -> voivodeship: Mazowieckie
  RYR5237: 137.48km to BZG -> from KTW -> started at: 2026-04-19 21:14:21.104945 -> speed: 438 -> lat: 51.8989 - long: 18.4812 -> state: FlightState.IN_FLIGHT -> height: 8290m -> voivodeship: Wielkopolskie
  RYR6939: 282.07km to GDN -> from WRO -> started at: 2026-04-19 21:14:30.521290 -> speed: 447 -> lat: 51.9406 - long: 17.2902 -> state: FlightState.IN_FLIGHT -> height: 9249m -> voivodeship: Wielkopolskie
  ENT9561: 467.16km to RZE -> from GDN -> started at: 2026-04-19 21:14:33.906382 -> speed: 412 -> lat: 53.8492 - long: 18.9059 -> state: FlightState.IN_FLIGHT -> height: 11330m -> voivodeship: Pomorskie
  RYR4363: 130.41km to QPY -> from WAW -> started at: 2026-04-19 21:14:36.260433 -> speed: 423 -> lat: 52.4315 - long: 21.5904 -> state: FlightState.IN_FLIGHT -> height: 7664m -> voivodeship: Mazowieckie
  LOT816: 344.37km to RZE -> from SZY -> started at: 2026-04-19 21:14:38.640256 -> speed: 459 -> lat: 53.1475 - long: 21.0450 -> state: FlightState.IN_FLIGHT -> height: 9428m -> voivodeship: Mazowieckie
[21:14:44] Active flights: 10
  LHT1789: 83.60km to BZG -> from RZE -> started at: 2026-04-19 21:13:53.171173 -> speed: 403 -> lat: 52.5147 - long: 18.7652 -> state: FlightState.IN_FLIGHT -> height: 8958m -> voivodeship: Kujawsko-Pomorskie
  RYR7361: 213.85km to LUZ -> from SZZ -> started at: 2026-04-19 21:13:54.413974 -> speed: 454 -> lat: 52.0779 - long: 19.9225 -> state: FlightState.IN_FLIGHT -> height: 10181m -> voivodeship: Łódzkie
  LHT9765: 114.10km to IEG -> from SZY -> started at: 2026-04-19 21:14:07.266214 -> speed: 421 -> lat: 52.5422 - long: 17.3427 -> state: FlightState.IN_FLIGHT -> height: 10501m -> voivodeship: Wielkopolskie
  RYR2894: 188.14km to QMO -> from QPY -> started at: 2026-04-19 21:14:11.159220 -> speed: 474 -> lat: 51.5956 - long: 20.1816 -> state: FlightState.IN_FLIGHT -> height: 9973m -> voivodeship: Łódzkie
  LOT4734: 49.22km to WAW -> from KRK -> started at: 2026-04-19 21:14:17.573273 -> speed: 432 -> lat: 51.7477 - long: 20.7304 -> state: FlightState.IN_FLIGHT -> height: 10610m -> voivodeship: Mazowieckie
  RYR5237: 128.25km to BZG -> from KTW -> started at: 2026-04-19 21:14:21.104945 -> speed: 438 -> lat: 51.9792 - long: 18.4474 -> state: FlightState.IN_FLIGHT -> height: 8290m -> voivodeship: Wielkopolskie
  RYR6939: 272.64km to GDN -> from WRO -> started at: 2026-04-19 21:14:30.521290 -> speed: 447 -> lat: 52.0219 - long: 17.3294 -> state: FlightState.IN_FLIGHT -> height: 9249m -> voivodeship: Wielkopolskie
  ENT9561: 458.56km to RZE -> from GDN -> started at: 2026-04-19 21:14:33.906382 -> speed: 412 -> lat: 53.7798 - long: 18.9637 -> state: FlightState.IN_FLIGHT -> height: 11330m -> voivodeship: Pomorskie
  RYR4363: 121.46km to QPY -> from WAW -> started at: 2026-04-19 21:14:36.260433 -> speed: 423 -> lat: 52.4777 - long: 21.6987 -> state: FlightState.IN_FLIGHT -> height: 7664m -> voivodeship: Mazowieckie
  LOT816: 334.72km to RZE -> from SZY -> started at: 2026-04-19 21:14:38.640256 -> speed: 459 -> lat: 53.0623 - long: 21.0724 -> state: FlightState.IN_FLIGHT -> height: 9428m -> voivodeship: Mazowieckie
[21:14:46] Active flights: 10
  LHT1789: 75.11km to BZG -> from RZE -> started at: 2026-04-19 21:13:53.171173 -> speed: 403 -> lat: 52.5737 - long: 18.6855 -> state: FlightState.IN_FLIGHT -> height: 8958m -> voivodeship: Kujawsko-Pomorskie
  RYR7361: 204.38km to LUZ -> from SZZ -> started at: 2026-04-19 21:13:54.413974 -> speed: 454 -> lat: 52.0406 - long: 20.0470 -> state: FlightState.IN_FLIGHT -> height: 10181m -> voivodeship: Łódzkie
  LHT9765: 105.28km to IEG -> from SZY -> started at: 2026-04-19 21:14:07.266214 -> speed: 421 -> lat: 52.5109 - long: 17.2230 -> state: FlightState.IN_FLIGHT -> height: 10501m -> voivodeship: Wielkopolskie
  RYR2894: 178.25km to QMO -> from QPY -> started at: 2026-04-19 21:14:11.159220 -> speed: 474 -> lat: 51.5395 - long: 20.0705 -> state: FlightState.IN_FLIGHT -> height: 9973m -> voivodeship: Łódzkie
  LOT4734: 40.14km to WAW -> from KRK -> started at: 2026-04-19 21:14:17.573273 -> speed: 432 -> lat: 51.8248 - long: 20.7741 -> state: FlightState.IN_FLIGHT -> height: 10610m -> voivodeship: Mazowieckie
  RYR5237: 119.04km to BZG -> from KTW -> started at: 2026-04-19 21:14:21.104945 -> speed: 438 -> lat: 52.0594 - long: 18.4137 -> state: FlightState.IN_FLIGHT -> height: 8290m -> voivodeship: Wielkopolskie
  RYR6939: 263.23km to GDN -> from WRO -> started at: 2026-04-19 21:14:30.521290 -> speed: 447 -> lat: 52.1031 - long: 17.3686 -> state: FlightState.IN_FLIGHT -> height: 9249m -> voivodeship: Wielkopolskie
  ENT9561: 449.98km to RZE -> from GDN -> started at: 2026-04-19 21:14:33.906382 -> speed: 412 -> lat: 53.7105 - long: 19.0214 -> state: FlightState.IN_FLIGHT -> height: 11330m -> voivodeship: Pomorskie
  RYR4363: 112.54km to QPY -> from WAW -> started at: 2026-04-19 21:14:36.260433 -> speed: 423 -> lat: 52.5237 - long: 21.8067 -> state: FlightState.IN_FLIGHT -> height: 7664m -> voivodeship: Mazowieckie
  LOT816: 325.09km to RZE -> from SZY -> started at: 2026-04-19 21:14:38.640256 -> speed: 459 -> lat: 52.9772 - long: 21.0996 -> state: FlightState.IN_FLIGHT -> height: 9428m -> voivodeship: Mazowieckie
[21:14:47] Active flights: 10
  LHT1789: 66.63km to BZG -> from RZE -> started at: 2026-04-19 21:13:53.171173 -> speed: 403 -> lat: 52.6326 - long: 18.6057 -> state: FlightState.IN_FLIGHT -> height: 8958m -> voivodeship: Kujawsko-Pomorskie
  RYR7361: 194.91km to LUZ -> from SZZ -> started at: 2026-04-19 21:13:54.413974 -> speed: 454 -> lat: 52.0032 - long: 20.1714 -> state: FlightState.IN_FLIGHT -> height: 10181m -> voivodeship: Łódzkie
  LHT9765: 96.47km to IEG -> from SZY -> started at: 2026-04-19 21:14:07.266214 -> speed: 421 -> lat: 52.4796 - long: 17.1034 -> state: FlightState.IN_FLIGHT -> height: 10501m -> voivodeship: Wielkopolskie
  RYR2894: 168.35km to QMO -> from QPY -> started at: 2026-04-19 21:14:11.159220 -> speed: 474 -> lat: 51.4834 - long: 19.9595 -> state: FlightState.IN_FLIGHT -> height: 9973m -> voivodeship: Łódzkie
  LOT4734: 31.07km to WAW -> from KRK -> started at: 2026-04-19 21:14:17.573273 -> speed: 432 -> lat: 51.9019 - long: 20.8177 -> state: FlightState.IN_FLIGHT -> height: 10610m -> voivodeship: Mazowieckie
  RYR5237: 109.83km to BZG -> from KTW -> started at: 2026-04-19 21:14:21.104945 -> speed: 438 -> lat: 52.1396 - long: 18.3800 -> state: FlightState.IN_FLIGHT -> height: 8290m -> voivodeship: Wielkopolskie
  RYR6939: 253.82km to GDN -> from WRO -> started at: 2026-04-19 21:14:30.521290 -> speed: 447 -> lat: 52.1842 - long: 17.4077 -> state: FlightState.IN_FLIGHT -> height: 9249m -> voivodeship: Wielkopolskie
  ENT9561: 441.40km to RZE -> from GDN -> started at: 2026-04-19 21:14:33.906382 -> speed: 412 -> lat: 53.6413 - long: 19.0791 -> state: FlightState.IN_FLIGHT -> height: 11330m -> voivodeship: Pomorskie
  RYR4363: 103.61km to QPY -> from WAW -> started at: 2026-04-19 21:14:36.260433 -> speed: 423 -> lat: 52.5698 - long: 21.9147 -> state: FlightState.IN_FLIGHT -> height: 7664m -> voivodeship: Mazowieckie
  LOT816: 315.46km to RZE -> from SZY -> started at: 2026-04-19 21:14:38.640256 -> speed: 459 -> lat: 52.8921 - long: 21.1269 -> state: FlightState.IN_FLIGHT -> height: 9428m -> voivodeship: Mazowieckie
[21:14:48] Active flights: 10
  LHT1789: 58.11km to BZG -> from RZE -> started at: 2026-04-19 21:13:53.171173 -> speed: 403 -> lat: 52.6918 - long: 18.5256 -> state: FlightState.IN_FLIGHT -> height: 8958m -> voivodeship: Kujawsko-Pomorskie
  RYR7361: 185.40km to LUZ -> from SZZ -> started at: 2026-04-19 21:13:54.413974 -> speed: 454 -> lat: 51.9658 - long: 20.2963 -> state: FlightState.IN_FLIGHT -> height: 10181m -> voivodeship: Mazowieckie
  LHT9765: 87.61km to IEG -> from SZY -> started at: 2026-04-19 21:14:07.266214 -> speed: 421 -> lat: 52.4482 - long: 16.9833 -> state: FlightState.IN_FLIGHT -> height: 10501m -> voivodeship: Wielkopolskie
  RYR2894: 158.42km to QMO -> from QPY -> started at: 2026-04-19 21:14:11.159220 -> speed: 474 -> lat: 51.4272 - long: 19.8480 -> state: FlightState.IN_FLIGHT -> height: 9973m -> voivodeship: Łódzkie
  LOT4734: 21.95km to WAW -> from KRK -> started at: 2026-04-19 21:14:17.573273 -> speed: 432 -> lat: 51.9793 - long: 20.8615 -> state: FlightState.IN_FLIGHT -> height: 10610m -> voivodeship: Mazowieckie
  RYR5237: 100.59km to BZG -> from KTW -> started at: 2026-04-19 21:14:21.104945 -> speed: 438 -> lat: 52.2201 - long: 18.3462 -> state: FlightState.IN_FLIGHT -> height: 8290m -> voivodeship: Wielkopolskie
  RYR6939: 244.37km to GDN -> from WRO -> started at: 2026-04-19 21:14:30.521290 -> speed: 447 -> lat: 52.2657 - long: 17.4470 -> state: FlightState.IN_FLIGHT -> height: 9249m -> voivodeship: Wielkopolskie
  ENT9561: 432.78km to RZE -> from GDN -> started at: 2026-04-19 21:14:33.906382 -> speed: 412 -> lat: 53.5717 - long: 19.1369 -> state: FlightState.IN_FLIGHT -> height: 11330m -> voivodeship: Kujawsko-Pomorskie
  RYR4363: 94.66km to QPY -> from WAW -> started at: 2026-04-19 21:14:36.260433 -> speed: 423 -> lat: 52.6161 - long: 22.0233 -> state: FlightState.IN_FLIGHT -> height: 7664m -> voivodeship: Mazowieckie
  LOT816: 305.79km to RZE -> from SZY -> started at: 2026-04-19 21:14:38.640256 -> speed: 459 -> lat: 52.8068 - long: 21.1543 -> state: FlightState.IN_FLIGHT -> height: 9428m -> voivodeship: Mazowieckie
[21:14:49] Active flights: 10
  LHT1789: 49.70km to BZG -> from RZE -> started at: 2026-04-19 21:13:53.171173 -> speed: 403 -> lat: 52.7503 - long: 18.4465 -> state: FlightState.IN_FLIGHT -> height: 8958m -> voivodeship: Kujawsko-Pomorskie
  RYR7361: 176.00km to LUZ -> from SZZ -> started at: 2026-04-19 21:13:54.413974 -> speed: 454 -> lat: 51.9288 - long: 20.4196 -> state: FlightState.IN_FLIGHT -> height: 10181m -> voivodeship: Łódzkie
  LHT9765: 78.87km to IEG -> from SZY -> started at: 2026-04-19 21:14:07.266214 -> speed: 421 -> lat: 52.4173 - long: 16.8647 -> state: FlightState.IN_FLIGHT -> height: 10501m -> voivodeship: Wielkopolskie
  RYR2894: 148.60km to QMO -> from QPY -> started at: 2026-04-19 21:14:11.159220 -> speed: 474 -> lat: 51.3716 - long: 19.7380 -> state: FlightState.IN_FLIGHT -> height: 9973m -> voivodeship: Łódzkie
  LOT4734: 12.95km to WAW -> from KRK -> started at: 2026-04-19 21:14:17.573273 -> speed: 432 -> lat: 52.0557 - long: 20.9048 -> state: FlightState.IN_FLIGHT -> height: 10610m -> voivodeship: Mazowieckie
  RYR5237: 91.46km to BZG -> from KTW -> started at: 2026-04-19 21:14:21.104945 -> speed: 438 -> lat: 52.2996 - long: 18.3128 -> state: FlightState.IN_FLIGHT -> height: 8290m -> voivodeship: Wielkopolskie
  RYR6939: 235.05km to GDN -> from WRO -> started at: 2026-04-19 21:14:30.521290 -> speed: 447 -> lat: 52.3462 - long: 17.4859 -> state: FlightState.IN_FLIGHT -> height: 9249m -> voivodeship: Wielkopolskie
  ENT9561: 424.27km to RZE -> from GDN -> started at: 2026-04-19 21:14:33.906382 -> speed: 412 -> lat: 53.5031 - long: 19.1941 -> state: FlightState.IN_FLIGHT -> height: 11330m -> voivodeship: Kujawsko-Pomorskie
  RYR4363: 85.82km to QPY -> from WAW -> started at: 2026-04-19 21:14:36.260433 -> speed: 423 -> lat: 52.6618 - long: 22.1305 -> state: FlightState.IN_FLIGHT -> height: 7664m -> voivodeship: Mazowieckie
  LOT816: 296.24km to RZE -> from SZY -> started at: 2026-04-19 21:14:38.640256 -> speed: 459 -> lat: 52.7224 - long: 21.1813 -> state: FlightState.IN_FLIGHT -> height: 9428m -> voivodeship: Mazowieckie
[21:14:51] Active flights: 10
  LHT1789: 41.36km to BZG -> from RZE -> started at: 2026-04-19 21:13:53.171173 -> speed: 403 -> lat: 52.8084 - long: 18.3679 -> state: FlightState.IN_FLIGHT -> height: 8958m -> voivodeship: Kujawsko-Pomorskie
  RYR7361: 166.67km to LUZ -> from SZZ -> started at: 2026-04-19 21:13:54.413974 -> speed: 454 -> lat: 51.8920 - long: 20.5420 -> state: FlightState.IN_FLIGHT -> height: 10181m -> voivodeship: Mazowieckie
  LHT9765: 70.19km to IEG -> from SZY -> started at: 2026-04-19 21:14:07.266214 -> speed: 421 -> lat: 52.3865 - long: 16.7470 -> state: FlightState.IN_FLIGHT -> height: 10501m -> voivodeship: Wielkopolskie
  RYR2894: 138.85km to QMO -> from QPY -> started at: 2026-04-19 21:14:11.159220 -> speed: 474 -> lat: 51.3165 - long: 19.6288 -> state: FlightState.IN_FLIGHT -> height: 9973m -> voivodeship: Łódzkie
  LOT4734: 4.02km to WAW -> from KRK -> started at: 2026-04-19 21:14:17.573273 -> speed: 432 -> lat: 52.1315 - long: 20.9478 -> state: FlightState.IN_FLIGHT -> height: 10610m -> voivodeship: Mazowieckie
  RYR5237: 82.40km to BZG -> from KTW -> started at: 2026-04-19 21:14:21.104945 -> speed: 438 -> lat: 52.3785 - long: 18.2796 -> state: FlightState.IN_FLIGHT -> height: 8290m -> voivodeship: Wielkopolskie
  RYR6939: 225.79km to GDN -> from WRO -> started at: 2026-04-19 21:14:30.521290 -> speed: 447 -> lat: 52.4260 - long: 17.5244 -> state: FlightState.IN_FLIGHT -> height: 9249m -> voivodeship: Wielkopolskie
  ENT9561: 415.82km to RZE -> from GDN -> started at: 2026-04-19 21:14:33.906382 -> speed: 412 -> lat: 53.4350 - long: 19.2508 -> state: FlightState.IN_FLIGHT -> height: 11330m -> voivodeship: Warmińsko-Mazurskie
  RYR4363: 77.05km to QPY -> from WAW -> started at: 2026-04-19 21:14:36.260433 -> speed: 423 -> lat: 52.7072 - long: 22.2369 -> state: FlightState.IN_FLIGHT -> height: 7664m -> voivodeship: Mazowieckie
  LOT816: 286.76km to RZE -> from SZY -> started at: 2026-04-19 21:14:38.640256 -> speed: 459 -> lat: 52.6388 - long: 21.2082 -> state: FlightState.IN_FLIGHT -> height: 9428m -> voivodeship: Mazowieckie
[21:14:52] Active flights: 9
  LHT1789: 32.75km to BZG -> from RZE -> started at: 2026-04-19 21:13:53.171173 -> speed: 403 -> lat: 52.8683 - long: 18.2868 -> state: FlightState.IN_FLIGHT -> height: 8958m -> voivodeship: Kujawsko-Pomorskie
  RYR7361: 157.04km to LUZ -> from SZZ -> started at: 2026-04-19 21:13:54.413974 -> speed: 454 -> lat: 51.8542 - long: 20.6682 -> state: FlightState.IN_FLIGHT -> height: 10181m -> voivodeship: Mazowieckie
  LHT9765: 61.22km to IEG -> from SZY -> started at: 2026-04-19 21:14:07.266214 -> speed: 421 -> lat: 52.3548 - long: 16.6256 -> state: FlightState.IN_FLIGHT -> height: 10501m -> voivodeship: Wielkopolskie
  RYR2894: 128.78km to QMO -> from QPY -> started at: 2026-04-19 21:14:11.159220 -> speed: 474 -> lat: 51.2596 - long: 19.5162 -> state: FlightState.IN_FLIGHT -> height: 9973m -> voivodeship: Łódzkie
  RYR5237: 73.05km to BZG -> from KTW -> started at: 2026-04-19 21:14:21.104945 -> speed: 438 -> lat: 52.4600 - long: 18.2454 -> state: FlightState.IN_FLIGHT -> height: 8290m -> voivodeship: Wielkopolskie
  RYR6939: 216.24km to GDN -> from WRO -> started at: 2026-04-19 21:14:30.521290 -> speed: 447 -> lat: 52.5085 - long: 17.5642 -> state: FlightState.IN_FLIGHT -> height: 9249m -> voivodeship: Wielkopolskie
  ENT9561: 407.10km to RZE -> from GDN -> started at: 2026-04-19 21:14:33.906382 -> speed: 412 -> lat: 53.3647 - long: 19.3093 -> state: FlightState.IN_FLIGHT -> height: 11330m -> voivodeship: Kujawsko-Pomorskie
  RYR4363: 68.00km to QPY -> from WAW -> started at: 2026-04-19 21:14:36.260433 -> speed: 423 -> lat: 52.7540 - long: 22.3468 -> state: FlightState.IN_FLIGHT -> height: 7664m -> voivodeship: Mazowieckie
  LOT816: 276.97km to RZE -> from SZY -> started at: 2026-04-19 21:14:38.640256 -> speed: 459 -> lat: 52.5524 - long: 21.2359 -> state: FlightState.IN_FLIGHT -> height: 9428m -> voivodeship: Mazowieckie
[21:14:53] Active flights: 10
  LHT1789: 24.14km to BZG -> from RZE -> started at: 2026-04-19 21:13:53.171173 -> speed: 403 -> lat: 52.9284 - long: 18.2056 -> state: FlightState.IN_FLIGHT -> height: 8958m -> voivodeship: Kujawsko-Pomorskie
  RYR7361: 147.39km to LUZ -> from SZZ -> started at: 2026-04-19 21:13:54.413974 -> speed: 454 -> lat: 51.8162 - long: 20.7945 -> state: FlightState.IN_FLIGHT -> height: 10181m -> voivodeship: Mazowieckie
  LHT9765: 52.24km to IEG -> from SZY -> started at: 2026-04-19 21:14:07.266214 -> speed: 421 -> lat: 52.3230 - long: 16.5041 -> state: FlightState.IN_FLIGHT -> height: 10501m -> voivodeship: Wielkopolskie
  RYR2894: 118.70km to QMO -> from QPY -> started at: 2026-04-19 21:14:11.159220 -> speed: 474 -> lat: 51.2027 - long: 19.4035 -> state: FlightState.IN_FLIGHT -> height: 9973m -> voivodeship: Łódzkie
  RYR5237: 63.69km to BZG -> from KTW -> started at: 2026-04-19 21:14:21.104945 -> speed: 438 -> lat: 52.5416 - long: 18.2111 -> state: FlightState.IN_FLIGHT -> height: 8290m -> voivodeship: Kujawsko-Pomorskie
  RYR6939: 206.67km to GDN -> from WRO -> started at: 2026-04-19 21:14:30.521290 -> speed: 447 -> lat: 52.5910 - long: 17.6040 -> state: FlightState.IN_FLIGHT -> height: 9249m -> voivodeship: Wielkopolskie
  ENT9561: 398.37km to RZE -> from GDN -> started at: 2026-04-19 21:14:33.906382 -> speed: 412 -> lat: 53.2943 - long: 19.3679 -> state: FlightState.IN_FLIGHT -> height: 11330m -> voivodeship: Kujawsko-Pomorskie
  RYR4363: 58.94km to QPY -> from WAW -> started at: 2026-04-19 21:14:36.260433 -> speed: 423 -> lat: 52.8010 - long: 22.4569 -> state: FlightState.IN_FLIGHT -> height: 7664m -> voivodeship: Podlaskie
  LOT816: 267.18km to RZE -> from SZY -> started at: 2026-04-19 21:14:38.640256 -> speed: 459 -> lat: 52.4659 - long: 21.2636 -> state: FlightState.IN_FLIGHT -> height: 9428m -> voivodeship: Mazowieckie
  LHT9673: 441.98km to LUZ -> from GDN -> started at: 2026-04-19 21:14:52.477888 -> speed: 410 -> lat: 54.3165 - long: 18.5487 -> state: FlightState.IN_FLIGHT -> height: 9681m -> voivodeship: Pomorskie
[21:14:54] Active flights: 10
  LHT1789: 15.90km to BZG -> from RZE -> started at: 2026-04-19 21:13:53.171173 -> speed: 403 -> lat: 52.9858 - long: 18.1278 -> state: FlightState.IN_FLIGHT -> height: 8958m -> voivodeship: Kujawsko-Pomorskie
  RYR7361: 138.16km to LUZ -> from SZZ -> started at: 2026-04-19 21:13:54.413974 -> speed: 454 -> lat: 51.7800 - long: 20.9153 -> state: FlightState.IN_FLIGHT -> height: 10181m -> voivodeship: Mazowieckie
  LHT9765: 43.65km to IEG -> from SZY -> started at: 2026-04-19 21:14:07.266214 -> speed: 421 -> lat: 52.2926 - long: 16.3879 -> state: FlightState.IN_FLIGHT -> height: 10501m -> voivodeship: Wielkopolskie
  RYR2894: 109.05km to QMO -> from QPY -> started at: 2026-04-19 21:14:11.159220 -> speed: 474 -> lat: 51.1482 - long: 19.2957 -> state: FlightState.IN_FLIGHT -> height: 9973m -> voivodeship: Łódzkie
  RYR5237: 54.73km to BZG -> from KTW -> started at: 2026-04-19 21:14:21.104945 -> speed: 438 -> lat: 52.6196 - long: 18.1783 -> state: FlightState.IN_FLIGHT -> height: 8290m -> voivodeship: Kujawsko-Pomorskie
  RYR6939: 197.52km to GDN -> from WRO -> started at: 2026-04-19 21:14:30.521290 -> speed: 447 -> lat: 52.6700 - long: 17.6421 -> state: FlightState.IN_FLIGHT -> height: 9249m -> voivodeship: Kujawsko-Pomorskie
  ENT9561: 390.01km to RZE -> from GDN -> started at: 2026-04-19 21:14:33.906382 -> speed: 412 -> lat: 53.2270 - long: 19.4239 -> state: FlightState.IN_FLIGHT -> height: 11330m -> voivodeship: Kujawsko-Pomorskie
  RYR4363: 50.27km to QPY -> from WAW -> started at: 2026-04-19 21:14:36.260433 -> speed: 423 -> lat: 52.8459 - long: 22.5622 -> state: FlightState.IN_FLIGHT -> height: 7664m -> voivodeship: Podlaskie
  LOT816: 257.80km to RZE -> from SZY -> started at: 2026-04-19 21:14:38.640256 -> speed: 459 -> lat: 52.3832 - long: 21.2901 -> state: FlightState.IN_FLIGHT -> height: 9428m -> voivodeship: Mazowieckie
  LHT9673: 433.72km to LUZ -> from GDN -> started at: 2026-04-19 21:14:52.477888 -> speed: 410 -> lat: 54.2582 - long: 18.6276 -> state: FlightState.IN_FLIGHT -> height: 9681m -> voivodeship: Pomorskie
[21:14:56] Active flights: 10
  LHT1789: 7.93km to BZG -> from RZE -> started at: 2026-04-19 21:13:53.171173 -> speed: 403 -> lat: 53.0414 - long: 18.0526 -> state: FlightState.IN_FLIGHT -> height: 8958m -> voivodeship: Kujawsko-Pomorskie
  RYR7361: 129.22km to LUZ -> from SZZ -> started at: 2026-04-19 21:13:54.413974 -> speed: 454 -> lat: 51.7449 - long: 21.0322 -> state: FlightState.IN_FLIGHT -> height: 10181m -> voivodeship: Mazowieckie
  LHT9765: 35.34km to IEG -> from SZY -> started at: 2026-04-19 21:14:07.266214 -> speed: 421 -> lat: 52.2633 - long: 16.2755 -> state: FlightState.IN_FLIGHT -> height: 10501m -> voivodeship: Wielkopolskie
  RYR2894: 99.72km to QMO -> from QPY -> started at: 2026-04-19 21:14:11.159220 -> speed: 474 -> lat: 51.0956 - long: 19.1915 -> state: FlightState.IN_FLIGHT -> height: 9973m -> voivodeship: Łódzkie
  RYR5237: 46.07km to BZG -> from KTW -> started at: 2026-04-19 21:14:21.104945 -> speed: 438 -> lat: 52.6951 - long: 18.1466 -> state: FlightState.IN_FLIGHT -> height: 8290m -> voivodeship: Kujawsko-Pomorskie
  RYR6939: 188.67km to GDN -> from WRO -> started at: 2026-04-19 21:14:30.521290 -> speed: 447 -> lat: 52.7464 - long: 17.6790 -> state: FlightState.IN_FLIGHT -> height: 9249m -> voivodeship: Kujawsko-Pomorskie
  ENT9561: 381.92km to RZE -> from GDN -> started at: 2026-04-19 21:14:33.906382 -> speed: 412 -> lat: 53.1619 - long: 19.4781 -> state: FlightState.IN_FLIGHT -> height: 11330m -> voivodeship: Kujawsko-Pomorskie
  RYR4363: 41.90km to QPY -> from WAW -> started at: 2026-04-19 21:14:36.260433 -> speed: 423 -> lat: 52.8894 - long: 22.6642 -> state: FlightState.IN_FLIGHT -> height: 7664m -> voivodeship: Podlaskie
  LOT816: 248.74km to RZE -> from SZY -> started at: 2026-04-19 21:14:38.640256 -> speed: 459 -> lat: 52.3032 - long: 21.3158 -> state: FlightState.IN_FLIGHT -> height: 9428m -> voivodeship: Mazowieckie
  LHT9673: 425.73km to LUZ -> from GDN -> started at: 2026-04-19 21:14:52.477888 -> speed: 410 -> lat: 54.2018 - long: 18.7040 -> state: FlightState.IN_FLIGHT -> height: 9681m -> voivodeship: Pomorskie
[21:14:57] Active flights: 9
  RYR7361: 120.28km to LUZ -> from SZZ -> started at: 2026-04-19 21:13:54.413974 -> speed: 454 -> lat: 51.7099 - long: 21.1490 -> state: FlightState.IN_FLIGHT -> height: 10181m -> voivodeship: Mazowieckie
  LHT9765: 27.02km to IEG -> from SZY -> started at: 2026-04-19 21:14:07.266214 -> speed: 421 -> lat: 52.2339 - long: 16.1632 -> state: FlightState.IN_FLIGHT -> height: 10501m -> voivodeship: Wielkopolskie
  RYR2894: 90.37km to QMO -> from QPY -> started at: 2026-04-19 21:14:11.159220 -> speed: 474 -> lat: 51.0430 - long: 19.0872 -> state: FlightState.IN_FLIGHT -> height: 9973m -> voivodeship: Łódzkie
  RYR5237: 37.41km to BZG -> from KTW -> started at: 2026-04-19 21:14:21.104945 -> speed: 438 -> lat: 52.7706 - long: 18.1149 -> state: FlightState.IN_FLIGHT -> height: 8290m -> voivodeship: Kujawsko-Pomorskie
  RYR6939: 179.82km to GDN -> from WRO -> started at: 2026-04-19 21:14:30.521290 -> speed: 447 -> lat: 52.8228 - long: 17.7159 -> state: FlightState.IN_FLIGHT -> height: 9249m -> voivodeship: Kujawsko-Pomorskie
  ENT9561: 373.84km to RZE -> from GDN -> started at: 2026-04-19 21:14:33.906382 -> speed: 412 -> lat: 53.0968 - long: 19.5324 -> state: FlightState.IN_FLIGHT -> height: 11330m -> voivodeship: Kujawsko-Pomorskie
  RYR4363: 33.52km to QPY -> from WAW -> started at: 2026-04-19 21:14:36.260433 -> speed: 423 -> lat: 52.9329 - long: 22.7662 -> state: FlightState.IN_FLIGHT -> height: 7664m -> voivodeship: Podlaskie
  LOT816: 239.67km to RZE -> from SZY -> started at: 2026-04-19 21:14:38.640256 -> speed: 459 -> lat: 52.2231 - long: 21.3414 -> state: FlightState.IN_FLIGHT -> height: 9428m -> voivodeship: Mazowieckie
  LHT9673: 417.74km to LUZ -> from GDN -> started at: 2026-04-19 21:14:52.477888 -> speed: 410 -> lat: 54.1454 - long: 18.7804 -> state: FlightState.IN_FLIGHT -> height: 9681m -> voivodeship: Pomorskie
[21:14:58] Active flights: 9
  RYR7361: 111.31km to LUZ -> from SZZ -> started at: 2026-04-19 21:13:54.413974 -> speed: 454 -> lat: 51.6747 - long: 21.2661 -> state: FlightState.IN_FLIGHT -> height: 10181m -> voivodeship: Mazowieckie
  LHT9765: 18.68km to IEG -> from SZY -> started at: 2026-04-19 21:14:07.266214 -> speed: 421 -> lat: 52.2045 - long: 16.0505 -> state: FlightState.IN_FLIGHT -> height: 10501m -> voivodeship: Wielkopolskie
  RYR2894: 81.00km to QMO -> from QPY -> started at: 2026-04-19 21:14:11.159220 -> speed: 474 -> lat: 50.9902 - long: 18.9828 -> state: FlightState.IN_FLIGHT -> height: 9973m -> voivodeship: Śląskie
  RYR5237: 28.72km to BZG -> from KTW -> started at: 2026-04-19 21:14:21.104945 -> speed: 438 -> lat: 52.8463 - long: 18.0830 -> state: FlightState.IN_FLIGHT -> height: 8290m -> voivodeship: Kujawsko-Pomorskie
  RYR6939: 170.95km to GDN -> from WRO -> started at: 2026-04-19 21:14:30.521290 -> speed: 447 -> lat: 52.8994 - long: 17.7528 -> state: FlightState.IN_FLIGHT -> height: 9249m -> voivodeship: Kujawsko-Pomorskie
  ENT9561: 365.72km to RZE -> from GDN -> started at: 2026-04-19 21:14:33.906382 -> speed: 412 -> lat: 53.0315 - long: 19.5867 -> state: FlightState.IN_FLIGHT -> height: 11330m -> voivodeship: Kujawsko-Pomorskie
  RYR4363: 25.13km to QPY -> from WAW -> started at: 2026-04-19 21:14:36.260433 -> speed: 423 -> lat: 52.9765 - long: 22.8684 -> state: FlightState.IN_FLIGHT -> height: 7664m -> voivodeship: Podlaskie
  LOT816: 230.58km to RZE -> from SZY -> started at: 2026-04-19 21:14:38.640256 -> speed: 459 -> lat: 52.1429 - long: 21.3672 -> state: FlightState.IN_FLIGHT -> height: 9428m -> voivodeship: Mazowieckie
  LHT9673: 409.72km to LUZ -> from GDN -> started at: 2026-04-19 21:14:52.477888 -> speed: 410 -> lat: 54.0889 - long: 18.8569 -> state: FlightState.IN_FLIGHT -> height: 9681m -> voivodeship: Pomorskie
[21:14:59] Active flights: 10
  RYR7361: 102.00km to LUZ -> from SZZ -> started at: 2026-04-19 21:13:54.413974 -> speed: 454 -> lat: 51.6382 - long: 21.3877 -> state: FlightState.IN_FLIGHT -> height: 10181m -> voivodeship: Mazowieckie
  LHT9765: 10.01km to IEG -> from SZY -> started at: 2026-04-19 21:14:07.266214 -> speed: 421 -> lat: 52.1739 - long: 15.9336 -> state: FlightState.IN_FLIGHT -> height: 10501m -> voivodeship: Wielkopolskie
  RYR2894: 71.27km to QMO -> from QPY -> started at: 2026-04-19 21:14:11.159220 -> speed: 474 -> lat: 50.9354 - long: 18.8743 -> state: FlightState.IN_FLIGHT -> height: 9973m -> voivodeship: Śląskie
  RYR5237: 19.70km to BZG -> from KTW -> started at: 2026-04-19 21:14:21.104945 -> speed: 438 -> lat: 52.9249 - long: 18.0500 -> state: FlightState.IN_FLIGHT -> height: 8290m -> voivodeship: Kujawsko-Pomorskie
  RYR6939: 161.73km to GDN -> from WRO -> started at: 2026-04-19 21:14:30.521290 -> speed: 447 -> lat: 52.9790 - long: 17.7912 -> state: FlightState.IN_FLIGHT -> height: 9249m -> voivodeship: Kujawsko-Pomorskie
  ENT9561: 357.30km to RZE -> from GDN -> started at: 2026-04-19 21:14:33.906382 -> speed: 412 -> lat: 52.9637 - long: 19.6431 -> state: FlightState.IN_FLIGHT -> height: 11330m -> voivodeship: Mazowieckie
  RYR4363: 16.41km to QPY -> from WAW -> started at: 2026-04-19 21:14:36.260433 -> speed: 423 -> lat: 53.0218 - long: 22.9747 -> state: FlightState.IN_FLIGHT -> height: 7664m -> voivodeship: Podlaskie
  LOT816: 221.13km to RZE -> from SZY -> started at: 2026-04-19 21:14:38.640256 -> speed: 459 -> lat: 52.0596 - long: 21.3939 -> state: FlightState.IN_FLIGHT -> height: 9428m -> voivodeship: Mazowieckie
  LHT9673: 401.39km to LUZ -> from GDN -> started at: 2026-04-19 21:14:52.477888 -> speed: 410 -> lat: 54.0301 - long: 18.9364 -> state: FlightState.IN_FLIGHT -> height: 9681m -> voivodeship: Pomorskie
  ENT5799: 181.80km to SZY -> from GDN -> started at: 2026-04-19 21:14:58.503200 -> speed: 401 -> lat: 54.3386 - long: 18.5735 -> state: FlightState.IN_FLIGHT -> height: 10310m -> voivodeship: Pomorskie
[21:15:01] Active flights: 10
  RYR7361: 92.55km to LUZ -> from SZZ -> started at: 2026-04-19 21:13:54.413974 -> speed: 454 -> lat: 51.6013 - long: 21.5109 -> state: FlightState.IN_FLIGHT -> height: 10181m -> voivodeship: Mazowieckie
  LHT9765: 1.22km to IEG -> from SZY -> started at: 2026-04-19 21:14:07.266214 -> speed: 421 -> lat: 52.1429 - long: 15.8151 -> state: FlightState.IN_FLIGHT -> height: 10501m -> voivodeship: Lubuskie
  RYR2894: 61.40km to QMO -> from QPY -> started at: 2026-04-19 21:14:11.159220 -> speed: 474 -> lat: 50.8799 - long: 18.7644 -> state: FlightState.IN_FLIGHT -> height: 9973m -> voivodeship: Śląskie
  RYR5237: 10.56km to BZG -> from KTW -> started at: 2026-04-19 21:14:21.104945 -> speed: 438 -> lat: 53.0046 - long: 18.0165 -> state: FlightState.IN_FLIGHT -> height: 8290m -> voivodeship: Kujawsko-Pomorskie
  RYR6939: 152.39km to GDN -> from WRO -> started at: 2026-04-19 21:14:30.521290 -> speed: 447 -> lat: 53.0597 - long: 17.8302 -> state: FlightState.IN_FLIGHT -> height: 9249m -> voivodeship: Kujawsko-Pomorskie
  ENT9561: 348.76km to RZE -> from GDN -> started at: 2026-04-19 21:14:33.906382 -> speed: 412 -> lat: 52.8951 - long: 19.7003 -> state: FlightState.IN_FLIGHT -> height: 11330m -> voivodeship: Mazowieckie
  RYR4363: 7.58km to QPY -> from WAW -> started at: 2026-04-19 21:14:36.260433 -> speed: 423 -> lat: 53.0678 - long: 23.0825 -> state: FlightState.IN_FLIGHT -> height: 7664m -> voivodeship: Podlaskie
  LOT816: 211.56km to RZE -> from SZY -> started at: 2026-04-19 21:14:38.640256 -> speed: 459 -> lat: 51.9751 - long: 21.4210 -> state: FlightState.IN_FLIGHT -> height: 9428m -> voivodeship: Mazowieckie
  LHT9673: 392.94km to LUZ -> from GDN -> started at: 2026-04-19 21:14:52.477888 -> speed: 410 -> lat: 53.9707 - long: 19.0169 -> state: FlightState.IN_FLIGHT -> height: 9681m -> voivodeship: Pomorskie
  ENT5799: 173.49km to SZY -> from GDN -> started at: 2026-04-19 21:14:58.503200 -> speed: 401 -> lat: 54.2991 - long: 18.6824 -> state: FlightState.IN_FLIGHT -> height: 10310m -> voivodeship: Pomorskie
[21:15:02] Active flights: 8
  RYR7361: 83.24km to LUZ -> from SZZ -> started at: 2026-04-19 21:13:54.413974 -> speed: 454 -> lat: 51.5648 - long: 21.6322 -> state: FlightState.IN_FLIGHT -> height: 10181m -> voivodeship: Mazowieckie
  RYR2894: 51.67km to QMO -> from QPY -> started at: 2026-04-19 21:14:11.159220 -> speed: 474 -> lat: 50.8253 - long: 18.6562 -> state: FlightState.IN_FLIGHT -> height: 9973m -> voivodeship: Śląskie
  RYR5237: 1.55km to BZG -> from KTW -> started at: 2026-04-19 21:14:21.104945 -> speed: 438 -> lat: 53.0832 - long: 17.9835 -> state: FlightState.IN_FLIGHT -> height: 8290m -> voivodeship: Kujawsko-Pomorskie
  RYR6939: 143.18km to GDN -> from WRO -> started at: 2026-04-19 21:14:30.521290 -> speed: 447 -> lat: 53.1392 - long: 17.8686 -> state: FlightState.IN_FLIGHT -> height: 9249m -> voivodeship: Kujawsko-Pomorskie
  ENT9561: 340.34km to RZE -> from GDN -> started at: 2026-04-19 21:14:33.906382 -> speed: 412 -> lat: 52.8274 - long: 19.7566 -> state: FlightState.IN_FLIGHT -> height: 11330m -> voivodeship: Mazowieckie
  LOT816: 202.12km to RZE -> from SZY -> started at: 2026-04-19 21:14:38.640256 -> speed: 459 -> lat: 51.8919 - long: 21.4476 -> state: FlightState.IN_FLIGHT -> height: 9428m -> voivodeship: Mazowieckie
  LHT9673: 384.62km to LUZ -> from GDN -> started at: 2026-04-19 21:14:52.477888 -> speed: 410 -> lat: 53.9121 - long: 19.0963 -> state: FlightState.IN_FLIGHT -> height: 9681m -> voivodeship: Pomorskie
  ENT5799: 165.30km to SZY -> from GDN -> started at: 2026-04-19 21:14:58.503200 -> speed: 401 -> lat: 54.2603 - long: 18.7896 -> state: FlightState.IN_FLIGHT -> height: 10310m -> voivodeship: Pomorskie
[21:15:03] Active flights: 7
  RYR7361: 73.97km to LUZ -> from SZZ -> started at: 2026-04-19 21:13:54.413974 -> speed: 454 -> lat: 51.5286 - long: 21.7529 -> state: FlightState.IN_FLIGHT -> height: 10181m -> voivodeship: Mazowieckie
  RYR2894: 41.98km to QMO -> from QPY -> started at: 2026-04-19 21:14:11.159220 -> speed: 474 -> lat: 50.7709 - long: 18.5485 -> state: FlightState.IN_FLIGHT -> height: 9973m -> voivodeship: Śląskie
  RYR6939: 134.02km to GDN -> from WRO -> started at: 2026-04-19 21:14:30.521290 -> speed: 447 -> lat: 53.2183 - long: 17.9067 -> state: FlightState.IN_FLIGHT -> height: 9249m -> voivodeship: Kujawsko-Pomorskie
  ENT9561: 331.96km to RZE -> from GDN -> started at: 2026-04-19 21:14:33.906382 -> speed: 412 -> lat: 52.7601 - long: 19.8127 -> state: FlightState.IN_FLIGHT -> height: 11330m -> voivodeship: Mazowieckie
  LOT816: 192.74km to RZE -> from SZY -> started at: 2026-04-19 21:14:38.640256 -> speed: 459 -> lat: 51.8090 - long: 21.4742 -> state: FlightState.IN_FLIGHT -> height: 9428m -> voivodeship: Mazowieckie
  LHT9673: 376.33km to LUZ -> from GDN -> started at: 2026-04-19 21:14:52.477888 -> speed: 410 -> lat: 53.8538 - long: 19.1752 -> state: FlightState.IN_FLIGHT -> height: 9681m -> voivodeship: Pomorskie
  ENT5799: 157.14km to SZY -> from GDN -> started at: 2026-04-19 21:14:58.503200 -> speed: 401 -> lat: 54.2216 - long: 18.8963 -> state: FlightState.IN_FLIGHT -> height: 10310m -> voivodeship: Pomorskie
[21:15:04] Active flights: 7
  RYR7361: 65.03km to LUZ -> from SZZ -> started at: 2026-04-19 21:13:54.413974 -> speed: 454 -> lat: 51.4937 - long: 21.8693 -> state: FlightState.IN_FLIGHT -> height: 10181m -> voivodeship: Lubelskie
  RYR2894: 32.63km to QMO -> from QPY -> started at: 2026-04-19 21:14:11.159220 -> speed: 474 -> lat: 50.7185 - long: 18.4447 -> state: FlightState.IN_FLIGHT -> height: 9973m -> voivodeship: Opolskie
  RYR6939: 125.19km to GDN -> from WRO -> started at: 2026-04-19 21:14:30.521290 -> speed: 447 -> lat: 53.2947 - long: 17.9436 -> state: FlightState.IN_FLIGHT -> height: 9249m -> voivodeship: Kujawsko-Pomorskie
  ENT9561: 323.88km to RZE -> from GDN -> started at: 2026-04-19 21:14:33.906382 -> speed: 412 -> lat: 52.6951 - long: 19.8668 -> state: FlightState.IN_FLIGHT -> height: 11330m -> voivodeship: Mazowieckie
  LOT816: 183.68km to RZE -> from SZY -> started at: 2026-04-19 21:14:38.640256 -> speed: 459 -> lat: 51.7292 - long: 21.4998 -> state: FlightState.IN_FLIGHT -> height: 9428m -> voivodeship: Mazowieckie
  LHT9673: 368.34km to LUZ -> from GDN -> started at: 2026-04-19 21:14:52.477888 -> speed: 410 -> lat: 53.7976 - long: 19.2513 -> state: FlightState.IN_FLIGHT -> height: 9681m -> voivodeship: Pomorskie
  ENT5799: 149.28km to SZY -> from GDN -> started at: 2026-04-19 21:14:58.503200 -> speed: 401 -> lat: 54.1844 - long: 18.9991 -> state: FlightState.IN_FLIGHT -> height: 10310m -> voivodeship: Pomorskie
[21:15:05] Active flights: 7
  RYR7361: 56.27km to LUZ -> from SZZ -> started at: 2026-04-19 21:13:54.413974 -> speed: 454 -> lat: 51.4595 - long: 21.9832 -> state: FlightState.IN_FLIGHT -> height: 10181m -> voivodeship: Lubelskie
  RYR2894: 23.48km to QMO -> from QPY -> started at: 2026-04-19 21:14:11.159220 -> speed: 474 -> lat: 50.6672 - long: 18.3430 -> state: FlightState.IN_FLIGHT -> height: 9973m -> voivodeship: Opolskie
  RYR6939: 116.55km to GDN -> from WRO -> started at: 2026-04-19 21:14:30.521290 -> speed: 447 -> lat: 53.3694 - long: 17.9796 -> state: FlightState.IN_FLIGHT -> height: 9249m -> voivodeship: Kujawsko-Pomorskie
  ENT9561: 315.96km to RZE -> from GDN -> started at: 2026-04-19 21:14:33.906382 -> speed: 412 -> lat: 52.6316 - long: 19.9197 -> state: FlightState.IN_FLIGHT -> height: 11330m -> voivodeship: Mazowieckie
  LOT816: 174.82km to RZE -> from SZY -> started at: 2026-04-19 21:14:38.640256 -> speed: 459 -> lat: 51.6510 - long: 21.5249 -> state: FlightState.IN_FLIGHT -> height: 9428m -> voivodeship: Mazowieckie
  LHT9673: 360.51km to LUZ -> from GDN -> started at: 2026-04-19 21:14:52.477888 -> speed: 410 -> lat: 53.7426 - long: 19.3258 -> state: FlightState.IN_FLIGHT -> height: 9681m -> voivodeship: Warmińsko-Mazurskie
  ENT5799: 141.57km to SZY -> from GDN -> started at: 2026-04-19 21:14:58.503200 -> speed: 401 -> lat: 54.1479 - long: 19.0998 -> state: FlightState.IN_FLIGHT -> height: 10310m -> voivodeship: Pomorskie
[21:15:06] Active flights: 7
  RYR7361: 47.40km to LUZ -> from SZZ -> started at: 2026-04-19 21:13:54.413974 -> speed: 454 -> lat: 51.4249 - long: 22.0986 -> state: FlightState.IN_FLIGHT -> height: 10181m -> voivodeship: Lubelskie
  RYR2894: 14.20km to QMO -> from QPY -> started at: 2026-04-19 21:14:11.159220 -> speed: 474 -> lat: 50.6152 - long: 18.2401 -> state: FlightState.IN_FLIGHT -> height: 9973m -> voivodeship: Opolskie
  RYR6939: 107.79km to GDN -> from WRO -> started at: 2026-04-19 21:14:30.521290 -> speed: 447 -> lat: 53.4451 - long: 18.0161 -> state: FlightState.IN_FLIGHT -> height: 9249m -> voivodeship: Kujawsko-Pomorskie
  ENT9561: 307.94km to RZE -> from GDN -> started at: 2026-04-19 21:14:33.906382 -> speed: 412 -> lat: 52.5672 - long: 19.9733 -> state: FlightState.IN_FLIGHT -> height: 11330m -> voivodeship: Mazowieckie
  LOT816: 165.84km to RZE -> from SZY -> started at: 2026-04-19 21:14:38.640256 -> speed: 459 -> lat: 51.5718 - long: 21.5503 -> state: FlightState.IN_FLIGHT -> height: 9428m -> voivodeship: Mazowieckie
  LHT9673: 352.58km to LUZ -> from GDN -> started at: 2026-04-19 21:14:52.477888 -> speed: 410 -> lat: 53.6868 - long: 19.4012 -> state: FlightState.IN_FLIGHT -> height: 9681m -> voivodeship: Warmińsko-Mazurskie
  ENT5799: 133.76km to SZY -> from GDN -> started at: 2026-04-19 21:14:58.503200 -> speed: 401 -> lat: 54.1110 - long: 19.2017 -> state: FlightState.IN_FLIGHT -> height: 10310m -> voivodeship: Pomorskie
[21:15:08] Active flights: 8
  RYR7361: 38.28km to LUZ -> from SZZ -> started at: 2026-04-19 21:13:54.413974 -> speed: 454 -> lat: 51.3893 - long: 22.2170 -> state: FlightState.IN_FLIGHT -> height: 10181m -> voivodeship: Lubelskie
  RYR2894: 4.67km to QMO -> from QPY -> started at: 2026-04-19 21:14:11.159220 -> speed: 474 -> lat: 50.5619 - long: 18.1345 -> state: FlightState.IN_FLIGHT -> height: 9973m -> voivodeship: Opolskie
  RYR6939: 98.79km to GDN -> from WRO -> started at: 2026-04-19 21:14:30.521290 -> speed: 447 -> lat: 53.5228 - long: 18.0537 -> state: FlightState.IN_FLIGHT -> height: 9249m -> voivodeship: Kujawsko-Pomorskie
  ENT9561: 299.71km to RZE -> from GDN -> started at: 2026-04-19 21:14:33.906382 -> speed: 412 -> lat: 52.5011 - long: 20.0283 -> state: FlightState.IN_FLIGHT -> height: 11330m -> voivodeship: Mazowieckie
  LOT816: 156.61km to RZE -> from SZY -> started at: 2026-04-19 21:14:38.640256 -> speed: 459 -> lat: 51.4904 - long: 21.5764 -> state: FlightState.IN_FLIGHT -> height: 9428m -> voivodeship: Mazowieckie
  LHT9673: 344.43km to LUZ -> from GDN -> started at: 2026-04-19 21:14:52.477888 -> speed: 410 -> lat: 53.6296 - long: 19.4787 -> state: FlightState.IN_FLIGHT -> height: 9681m -> voivodeship: Warmińsko-Mazurskie
  ENT5799: 125.74km to SZY -> from GDN -> started at: 2026-04-19 21:14:58.503200 -> speed: 401 -> lat: 54.0730 - long: 19.3064 -> state: FlightState.IN_FLIGHT -> height: 10310m -> voivodeship: Warmińsko-Mazurskie
  LOT6073: 115.79km to KTW -> from APK -> started at: 2026-04-19 21:15:06.938822 -> speed: 456 -> lat: 50.8670 - long: 20.6017 -> state: FlightState.IN_FLIGHT -> height: 8498m -> voivodeship: Świętokrzyskie
[21:15:09] Active flights: 8
  RYR7361: 28.90km to LUZ -> from SZZ -> started at: 2026-04-19 21:13:54.413974 -> speed: 454 -> lat: 51.3527 - long: 22.3389 -> state: FlightState.IN_FLIGHT -> height: 10181m -> voivodeship: Lubelskie
  RYR6939: 89.53km to GDN -> from WRO -> started at: 2026-04-19 21:14:30.521290 -> speed: 447 -> lat: 53.6029 - long: 18.0923 -> state: FlightState.IN_FLIGHT -> height: 9249m -> voivodeship: Kujawsko-Pomorskie
  ENT9561: 291.23km to RZE -> from GDN -> started at: 2026-04-19 21:14:33.906382 -> speed: 412 -> lat: 52.4331 - long: 20.0849 -> state: FlightState.IN_FLIGHT -> height: 11330m -> voivodeship: Mazowieckie
  LOT816: 147.12km to RZE -> from SZY -> started at: 2026-04-19 21:14:38.640256 -> speed: 459 -> lat: 51.4067 - long: 21.6032 -> state: FlightState.IN_FLIGHT -> height: 9428m -> voivodeship: Mazowieckie
  LHT9673: 336.04km to LUZ -> from GDN -> started at: 2026-04-19 21:14:52.477888 -> speed: 410 -> lat: 53.5708 - long: 19.5583 -> state: FlightState.IN_FLIGHT -> height: 9681m -> voivodeship: Warmińsko-Mazurskie
  ENT5799: 117.48km to SZY -> from GDN -> started at: 2026-04-19 21:14:58.503200 -> speed: 401 -> lat: 54.0340 - long: 19.4140 -> state: FlightState.IN_FLIGHT -> height: 10310m -> voivodeship: Warmińsko-Mazurskie
  LOT6073: 106.38km to KTW -> from APK -> started at: 2026-04-19 21:15:06.938822 -> speed: 456 -> lat: 50.8350 - long: 20.4776 -> state: FlightState.IN_FLIGHT -> height: 8498m -> voivodeship: Świętokrzyskie
  WZZ5438: 217.84km to BZG -> from WAW -> started at: 2026-04-19 21:15:08.192485 -> speed: 426 -> lat: 52.2019 - long: 20.8509 -> state: FlightState.IN_FLIGHT -> height: 9422m -> voivodeship: Mazowieckie
[21:15:10] Active flights: 8
  RYR7361: 19.56km to LUZ -> from SZZ -> started at: 2026-04-19 21:13:54.413974 -> speed: 454 -> lat: 51.3164 - long: 22.4601 -> state: FlightState.IN_FLIGHT -> height: 10181m -> voivodeship: Lubelskie
  RYR6939: 80.32km to GDN -> from WRO -> started at: 2026-04-19 21:14:30.521290 -> speed: 447 -> lat: 53.6825 - long: 18.1307 -> state: FlightState.IN_FLIGHT -> height: 9249m -> voivodeship: Kujawsko-Pomorskie
  ENT9561: 282.79km to RZE -> from GDN -> started at: 2026-04-19 21:14:33.906382 -> speed: 412 -> lat: 52.3654 - long: 20.1413 -> state: FlightState.IN_FLIGHT -> height: 11330m -> voivodeship: Mazowieckie
  LOT816: 137.67km to RZE -> from SZY -> started at: 2026-04-19 21:14:38.640256 -> speed: 459 -> lat: 51.3234 - long: 21.6299 -> state: FlightState.IN_FLIGHT -> height: 9428m -> voivodeship: Mazowieckie
  LHT9673: 327.68km to LUZ -> from GDN -> started at: 2026-04-19 21:14:52.477888 -> speed: 410 -> lat: 53.5122 - long: 19.6376 -> state: FlightState.IN_FLIGHT -> height: 9681m -> voivodeship: Warmińsko-Mazurskie
  ENT5799: 109.26km to SZY -> from GDN -> started at: 2026-04-19 21:14:58.503200 -> speed: 401 -> lat: 53.9952 - long: 19.5211 -> state: FlightState.IN_FLIGHT -> height: 10310m -> voivodeship: Warmińsko-Mazurskie
  LOT6073: 97.02km to KTW -> from APK -> started at: 2026-04-19 21:15:06.938822 -> speed: 456 -> lat: 50.8031 - long: 20.3543 -> state: FlightState.IN_FLIGHT -> height: 8498m -> voivodeship: Świętokrzyskie
  WZZ5438: 209.01km to BZG -> from WAW -> started at: 2026-04-19 21:15:08.192485 -> speed: 426 -> lat: 52.2379 - long: 20.7352 -> state: FlightState.IN_FLIGHT -> height: 9422m -> voivodeship: Mazowieckie
